Product Name,Advisory Number,Date Posted
Apros Herbal Oil 120ml,FDA Advisory No. 2020-015,2020-01-17
Nature's Liniment Oil with Negative Ion 65ml,FDA Advisory No. 2020-016,2020-01-17
Apros Herbal Oil 120ml,FDA Advisory No. 2020-017,2020-01-17
Propol-Eyes Ilog Maria Honeybee Farm 15ml,FDA Advisory No. 2020-018,2020-01-17
Aro Baro Churo 100% Pure Organic Bees Balm Herbal Ointment 15g,FDA Advisory No. 2020-019,2020-01-17
Joco Balm Of Bees Pure Organic & Herbal Ointment 10g,FDA Advisory No. 2020-020,2020-01-20
San Sierra Mint Fresh Herbal Oil 15mL,FDA Advisory No. 2020-020,2020-01-20
New! Era Luyang Dilaw Vaporizing Rub with Sambong Extract 32g,FDA Advisory No. 2020-021,2020-01-20
El Shaddai Menthol Healing Oil,FDA Advisory No. 2020-022,2020-01-20
El Shaddai Sampaguita Olive Oil,FDA Advisory No. 2020-022,2020-01-20
"Hair Grower Herbal Black Soap with Minoxidil, Patchouli, Aloe Vera, Henna and Coconut Milk 135 grams",FDA Advisory No. 2020-023,2020-01-20
Mountain Brand Inhaler Ong Hit Cao Cap Ong Hit Kufon Truong Son Inhaler,FDA Advisory No. 2020-024,2020-01-20
Turmeric With Moringa Liniment 60ml,FDA Advisory No. 2020-098,2020-02-12
"Saint Roche Premium Organic Dog Shampoo Hypoallergenic*Removes Ticks, Mites Fleas And Odors 100% Natural Ingredients Moringa, Oatmeal, Eucalyptus and Aloe Vera Oil Extracts 250 ml",FDA Advisory No. 2020-099,2020-02-12
Pure Herbal Wonder Rubbing Oil 60ml,FDA Advisory No. 2020-100,2020-02-13
Tinctura Arnica 30ml,FDA Advisory No. 2020-100,2020-02-13
Quick + Plus Spot On 12ml,FDA Advisory No. 2020-101,2020-02-13
Super Magsun Methyl Salicylate Herbal Oil 60ml,FDA Advisory No. 2020-101,2020-02-13
72 [Label in foreign language] 1000mg,FDA Advisory No. 2020-102,2020-02-13
African Viagra 4500mg,FDA Advisory No. 2020-102,2020-02-13
Qing Tian Zhu 150mg,FDA Advisory No. 2020-102,2020-02-13
Tianli One Night 8 Times 3500mg,FDA Advisory No. 2020-102,2020-02-13
VigRX For Men,FDA Advisory No. 2020-102,2020-02-13
[Unlabelled Pink Capsules],FDA Advisory No. 2020-102,2020-02-13
Chua Hua Pai 60’s,FDA Advisory No. 2020-103,2020-02-13
Eurocin-A Gel 1% 15g,FDA Advisory No. 2020-103,2020-02-13
Fortune Decaugh® II Non-Drowsy/ Non Addictive / Cough Suppressant and Mucolytic Formula 16’s,FDA Advisory No. 2020-103,2020-02-13
Fortune Excaugh® Sputum- Loosening expectorant/coughs reliever 24 Tablets,FDA Advisory No. 2020-103,2020-02-13
Fortune New Pack Coltalin® Cold Tablet With Vitamin B-1 Cold & Flu/Allergy Formula Aspirin Free 12 Tablets,FDA Advisory No. 2020-103,2020-02-13
Fuchingsung-N Cream 10g,FDA Advisory No. 2020-103,2020-02-13
Healthy Brain Pills 300 Pills,FDA Advisory No. 2020-103,2020-02-13
Niuhuang Jiedu Pian 24’s,FDA Advisory No. 2020-103,2020-02-13
OTC (Label in Foreign language) 1’s,FDA Advisory No. 2020-103,2020-02-13
OTC Aciclovir Cream,FDA Advisory No. 2020-103,2020-02-13
OTC Bufferin Plus®Antipyretic- analgesic Drug 10 coated Tablets,FDA Advisory No. 2020-103,2020-02-13
OTC CONBA (Label in Foreign language) 48’s,FDA Advisory No. 2020-103,2020-02-13
OTC Cydiodine Buccal Tablets 15’s,FDA Advisory No. 2020-103,2020-02-13
OTC Erythromycin Ointment 10g,FDA Advisory No. 2020-103,2020-02-13
OTC Shuang Huang Lian Kou Fu Ye 10’s,FDA Advisory No. 2020-103,2020-02-13
Patex Scars Fade Gel 30 g,FDA Advisory No. 2020-103,2020-02-13
Ryukakusan Direct 16’s,FDA Advisory No. 2020-103,2020-02-13
SCHI Eurobex Gel For treatment of scars 15 g,FDA Advisory No. 2020-103,2020-02-13
SCTC Compound Dan Shen Pill 60’s,FDA Advisory No. 2020-103,2020-02-13
SOIN Norfloxacin Capsules 0.1g,FDA Advisory No. 2020-103,2020-02-13
United Laboratories Amoxicillin Capsules 20 Capsules,FDA Advisory No. 2020-103,2020-02-13
Xianhu Shou Wu Pian Natural Herbs Dietary Supplement 100% Radix polygoni multiflori,FDA Advisory No. 2020-103,2020-02-13
Bayer Cyproterone acetate 2mg – Ethinylestradiol 0.035 mg (Diane®- 35) Tablet,FDA Advisory No. 2020-149,2020-02-18
Methyl Salicylate 10%100ml (Bio-Magscent Plus) 60ml,FDA Advisory No. 2020-150,2020-02-18
Salicylic Acid 10g / 5% 25ml,FDA Advisory No. 2020-150,2020-02-18
Methyl Salicylate (Georgine Magson Herbal Oil) 60ml,FDA Advisory No. 2020-151,2020-02-18
Family CareTM Original Strength Bacitracin First Aid Antibiotic Ointment USP 0.5 oz (14g),FDA Advisory No. 2020-152,2020-02-18
Agua (Cleansing Solution) 60mL,FDA Advisory No. 2020-153,2020-02-18
H. Eucalyptmint with Peppermint Herbal Healing Oil All Natural 60ml,FDA Advisory No. 2020-154,2020-02-18
H. Ginger Herbal Healing Oil 60ml,FDA Advisory No. 2020-154,2020-02-18
H. Ginger Herbal Healing Vicks,FDA Advisory No. 2020-154,2020-02-18
Pagkabuhay Herbal Healing Oil 60ml,FDA Advisory No. 2020-154,2020-02-18
Pagkabuhay Herbal Healing Vicks,FDA Advisory No. 2020-154,2020-02-18
Chuan Chiong Liu Wei Di Huang,FDA Advisory No. 2020-155,2020-02-18
Chuan Chiong Liu Wei Di Huang Wan (Concentrated Pill) 240 Pills,FDA Advisory No. 2020-155,2020-02-18
Growful “204” Wei Te Ling,FDA Advisory No. 2020-155,2020-02-18
BJ Boje® Enema 20cc x 2,FDA Advisory No. 2020-176,2020-02-21
Buddha Brand Yee Tin Medical Oil 30 ml,FDA Advisory No. 2020-176,2020-02-21
Cold Analgesic Gel Counterpain Cool® 60 grams,FDA Advisory No. 2020-176,2020-02-21
Crocodile Trademark For Asthma 30 Tablets,FDA Advisory No. 2020-176,2020-02-21
DANSN Gan Mao Tong Film-Coated Tablets 24’s,FDA Advisory No. 2020-176,2020-02-21
DK New Generation Menopause Pill 100’s,FDA Advisory No. 2020-176,2020-02-21
DK Tonifying Lung Capsule 30’S,FDA Advisory No. 2020-176,2020-02-21
Golden Cane-Sugar Free Golden Throat Candy 12’s,FDA Advisory No. 2020-176,2020-02-21
Golden Throat Lozenge 24g,FDA Advisory No. 2020-176,2020-02-21
Green Balm Mosquito Brand,FDA Advisory No. 2020-176,2020-02-21
Jinling Superior Yinchiao Tablet (Chiehtupien) 120 Tabs,FDA Advisory No. 2020-176,2020-02-21
KULIN Brand Laryngitis Pills 30’s,FDA Advisory No. 2020-176,2020-02-21
MD® Pain Fighter Unisex 6 Patches,FDA Advisory No. 2020-176,2020-02-21
OTC Fenbid® Ibuprofen Sustained-released Capsules 20’s,FDA Advisory No. 2020-176,2020-02-21
Oren Herb Sperm – Endengering Pills 150’s,FDA Advisory No. 2020-176,2020-02-21
Polar Bear Brand Essential Embrocation 18ml,FDA Advisory No. 2020-176,2020-02-21
Primary packaging : Ling Nam Ultra Balm 20ml Secondary packaging: Ultra Balm 20 ml,FDA Advisory No. 2020-176,2020-02-21
SANJIN Watermelon Frost 3g,FDA Advisory No. 2020-176,2020-02-21
Sumgel Enema “Aid” 20cc x 10,FDA Advisory No. 2020-176,2020-02-21
Tasly Compound Danshen Dripping Pills 180 pellets,FDA Advisory No. 2020-176,2020-02-21
Tortoise Snake Itch Discharge Toxin Clearing Pills 48’s,FDA Advisory No. 2020-176,2020-02-21
Agua Oxigenada F.E.U. XIV-10 Vols 120mL,FDA Advisory No. 2020-179,2020-02-24
Agua Oxigenada F.E.U. XIV-10 Vols 60mL,FDA Advisory No. 2020-179,2020-02-24
Extra Strength (Superscent Oil) 50mL.,FDA Advisory No. 2020-179,2020-02-24
Extra Strength Methyl Salicylate Camphor + Menthol (Efficasient Oil Liniment) 25mL,FDA Advisory No. 2020-179,2020-02-24
Jspher Lyn’s Marketing Aciete De Manzanilla 25mL.,FDA Advisory No. 2020-179,2020-02-24
Jspher Pure Acetone 25mL.,FDA Advisory No. 2020-179,2020-02-24
Kris Haplas Herbal Oil 60 mL,FDA Advisory No. 2020-179,2020-02-24
Magson Herbal Oil 120 mL,FDA Advisory No. 2020-179,2020-02-24
New Improved Bio-Magsoncent Liniment Oil 120 mL,FDA Advisory No. 2020-179,2020-02-24
Tincture of Benzalkonium Chloride 25m1,FDA Advisory No. 2020-179,2020-02-24
Methergin® (Methylergometrine) 0.125mg Sugar Coated Tablet,FDA Advisory No. 2020-180,2020-02-28
Valium® (Diazepam) 10mg Tablet,FDA Advisory No. 2020-180,2020-02-28
Green Nature Super Rub with Bee Propolis 20gms,FDA Advisory No. 2020-181,2020-02-28
Ceftriaxone Sodium For Injection 1.0g,FDA Advisory No. 2020-0182,2021-02-03
Dawnrays Levocetirizine Dihydrochloride Tablets 5mg,FDA Advisory No. 2020-0182,2021-02-03
Jucishan® Aminomethylbenzoic Acid Injection 10ml:100mg,FDA Advisory No. 2020-0182,2021-02-03
Methyl Salicylate Camphor + Menthol (Megaplas Liniment Oil) 25 mL,FDA Advisory No. 2020-182,2020-03-02
"OTC Bacillus licheniformis Granules, Live – Diyi Yabaoganjun Huojun Keli Sachets 24’s[as reflected in the package insert]",FDA Advisory No. 2020-0182,2021-02-03
OTC F® Xiaochaihu Keli Sachets 6’s [as reflected in the package insert],FDA Advisory No. 2020-0182,2021-02-03
Furazo Lidone Tablets 100mg,FDA Advisory No. 2020-0183,2021-02-03
OTC B6 H42020613,FDA Advisory No. 2020-0183,2021-02-03
Rheumason® Green Balm® 20g,FDA Advisory No. 2020-183,2020-03-02
Ribavirin Injection 1ml:100mg,FDA Advisory No. 2020-0183,2021-02-03
Terbutaline Sulphate Solution for Nebulization (Bricanyl®) 2ml:5mg,FDA Advisory No. 2020-0183,2021-02-03
Ancom Tablets Anti-Hypertensive Compound Tablet 100’s,FDA Advisory No. 2020-184,2020-03-02
Gastropin with Belladonna Tablet 120’s,FDA Advisory No. 2020-184,2020-03-02
Shilintong Tablets 100’s,FDA Advisory No. 2020-184,2020-03-02
Tretinoin (UK Derm Erase) 20ml,FDA Advisory No. 2020-185,2020-03-02
Irish Pain Killer Extra Strength,FDA Advisory No. 2020-186,2020-03-02
MD® Skin Fighter 8g,FDA Advisory No. 2020-186,2020-03-02
Ong Hit Thong Mui,FDA Advisory No. 2020-186,2020-03-02
Clest Pain Killer Extra Strength Herbal Liniment 150ml,FDA Advisory No. 2020-188,2020-03-02
New Clest Essential Milk Skin Lightening 105ml,FDA Advisory No. 2020-188,2020-03-02
Aceite De Alcamporado 25mL,FDA Advisory No. 2020-189,2020-03-04
Methyl Salicylate 10% 100 ml (Kris Mega Haplas Oil Pluz-3) 60mL,FDA Advisory No. 2020-189,2020-03-04
Pure Acetone 60 ML,FDA Advisory No. 2020-189,2020-03-04
Salicylic Acid 10g/100m 50 mL,FDA Advisory No. 2020-189,2020-03-04
Methyl Salicylate + Camphor + Menthol (Sced Panyawan Plus Liniment) 60 mL,FDA Advisory No. 2020-190,2020-03-04
Methyl Salicylate + Camphor + Menthol(Sced Panyawan Plus Liniment) 30 mL,FDA Advisory No. 2020-190,2020-03-04
Hallelujah Rub Eucalyptus 25 g,FDA Advisory No. 2020-191,2020-03-04
Health Source Vitamin C Softgel 100’s,FDA Advisory No. 2020-191,2020-03-04
Snow King Medicated Oil 15 ml,FDA Advisory No. 2020-191,2020-03-04
Yulin Zheng Gu Shui 30 ml,FDA Advisory No. 2020-191,2020-03-04
Dragon Oil 12mL,FDA Advisory No. 2020-192,2020-03-04
El Shaddai Sunshine Ugat Menthol Oil,FDA Advisory No. 2020-192,2020-03-04
El Shaddai Sunshine Ugat Pepper Mint Oil,FDA Advisory No. 2020-192,2020-03-04
Ugat Ginger Pain Reliever,FDA Advisory No. 2020-192,2020-03-04
Camphor + Menthol Med Rub Herbs & Oil Balm Medicated with 7 Herbs & V.C.O. (Virgin Coconut Oil) 150 gms (Blue container),FDA Advisory No. 2020-240,2020-03-11
Camphor + Menthol Med Rub Herbs & Oil Balm Medicated with 7 Herbs & V.C.O. (Virgin Coconut Oil) 150 gms (Red container),FDA Advisory No. 2020-240,2020-03-11
New! Pito-Pito Healing Spirits Herbal Wonder Oil 120mL,FDA Advisory No. 2020-240,2020-03-11
Ap-Ap Solution 3% solution 15mL,FDA Advisory No. 2020-241,2020-03-11
EPHIC Eucalyptus Oil 15mL,FDA Advisory No. 2020-241,2020-03-11
EPHIC Gentian Violet 1% Solution 15mL,FDA Advisory No. 2020-241,2020-03-11
EPHIC Salicylic Acid 3% Solution,FDA Advisory No. 2020-241,2020-03-11
Ethyl Alcohol (70% Solution Electro Rubbing Alcohol Antiseptic Disinfectant With Moisturizer) 180mL,FDA Advisory No. 2020-241,2020-03-11
Hydrogen Peroxide (Agua Oxigenada Solution) 60mL,FDA Advisory No. 2020-241,2020-03-11
Methyl Salicylate (Oil of Wintergreen) 25mL,FDA Advisory No. 2020-241,2020-03-11
Povidone Iodine (Povidine 10% Solution) 15mL,FDA Advisory No. 2020-241,2020-03-11
Albumin (Human) U.S.P. Kedbumin 25% Solution 12.5g 50mL,FDA Advisory No. 2020-242,2020-03-11
AT Angel Touch Haplas Liniment A Touch of Healing 60mL,FDA Advisory No. 2020-243,2020-03-11
Cellca Lujo Salve Balm Healing Power of 21 Botanicals “Lavandula” 10g,FDA Advisory No. 2020-243,2020-03-11
Kuto Free Amazing Oil JJL with Peppermint 60mL,FDA Advisory No. 2020-243,2020-03-11
Methyl Salicylate Camphor + Menthol (Tyler Juanderherbs Liniment Oil with Sunflower Extract) 30mL,FDA Advisory No. 2020-243,2020-03-11
Methyl Salicylate Camphor + Menthol (Tyler Juanderherbs Liniment Oil) 30mL,FDA Advisory No. 2020-243,2020-03-11
Methyl Salicylate Camphor + Menthol (Tyler Vaporub) 10g,FDA Advisory No. 2020-243,2020-03-11
Lidocaine 2% E-100 With Epinephrine 1:100.000 Injectable Solution,FDA Advisory No. 2020-346,2020-03-24
Aminofitin 50g,FDA Advisory No. 2020-347,2020-03-24
Aural,FDA Advisory No. 2020-347,2020-03-24
Cardio trust 250 mg,FDA Advisory No. 2020-347,2020-03-24
Optivisum 30ml,FDA Advisory No. 2020-347,2020-03-24
Champion 70% Isopropyl Alcohol,FDA Advisory No. 2020-564,2020-04-16
Essentials Meca Alco-Scent 70% Isopropyl Alcohol,FDA Advisory No. 2020-564,2020-04-16
Ethyl Alcohol 70% Solution 500ml,FDA Advisory No. 2020-564,2020-04-16
Ethyl Alcohol Kills 99.9% Germs 70% Solution 1 Gallon,FDA Advisory No. 2020-564,2020-04-16
Triple Care Formula ABV Antibacterial and Virus Ethyl Alcohol 80% Solution,FDA Advisory No. 2020-564,2020-04-16
Fastsion Ethyl Alcohol with Moisturizer 1 Liter,FDA Advisory No. 2020-565,2020-04-16
Fastsion Hand Sanitizer with Moisturizer 1 Liter,FDA Advisory No. 2020-565,2020-04-16
Isopropyl Alcohol 70% Solution 1 Liter,FDA Advisory No. 2020-565,2020-04-16
Shield All Purpose Disinfectant Kills 99.9%70 % Isopropyl Alcohol 1 Liter,FDA Advisory No. 2020-565,2020-04-16
DW (Alcosoft) Advanced Ethyl Alcohol 150mL,FDA Advisory No. 2020-566,2020-04-16
Richskin Germs Away with Vitamin E Ethyl Alcohol 70% Solution,FDA Advisory No. 2020-566,2020-04-16
Rubbing Alcohol 70% Isopropyl Alcohol 1 gallon,FDA Advisory No. 2020-566,2020-04-16
Safety First Isopropyl Alcohol With Vitamin E & Guava Extract 70% Solution,FDA Advisory No. 2020-566,2020-04-16
Wynbert Soapmasters Inc. Isopropyl Alcohol 70% Solution,FDA Advisory No. 2020-566,2020-04-16
OTC Lianhua Qingwen Jiaonang,FDA Advisory No. 2020-767,2020-05-06
Procain 2% Maxi 100 mL,FDA Advisory No. 2020-768,2020-05-06
CSPC Amoxicillin Capsules,FDA Advisory No. 2020-811,2020-05-14
Cefradine Capsules,FDA Advisory No. 2020-811,2020-05-14
OTC Chlorphenamine Maleate Tablets,FDA Advisory No. 2020-811,2020-05-14
Rengongniuhuang Jiaxiaozuo Jiaonang,FDA Advisory No. 2020-811,2020-05-14
Isopropyl Alcohol 70% Solution 4L,FDA Advisory No. 2020-853,2020-05-26
Alcohol 70% Solution 1L,FDA Advisory No. 2020-854,2020-05-26
Copper Nanopeptide I.V. Drip,FDA Advisory No. 2020-970,2020-06-02
Richskin Case Germs Away with Vitamin E Ethyl Alcohol 70% Solution,FDA Advisory No. 2020-1011,2020-06-04
Ethyl Alcohol 70% 1 L,FDA Advisory No. 2020-1083,2020-06-17
Ethyl Alcohol 70% 1 L,FDA Advisory No. 2020-1084,2020-06-17
Aomeilazuo Changrong Jiaonang – Omeprazole Enteric-coated Capsule 20mg [as reflected in the package insert],FDA Advisory No. 2020-1262,2020-07-24
B.S® Yunsuan Anxiusuo Putaotang Zhusheye – Ambroxol Hydrochloride and Glucose Injection Vial 100 ml [as reflected in the package insert],FDA Advisory No. 2020-1262,2020-07-24
CSPC® [Label in foreign Language] 0.5g Vial,FDA Advisory No. 2020-1262,2020-07-24
China Time-honored Brand Paishi Keli 20g Sachet[as reflected in the package insert],FDA Advisory No. 2020-1262,2020-07-24
Danshenzhusheye Ampoule 10 ml,FDA Advisory No. 2020-1262,2020-07-24
Fu Bang Fu Kang Zuo Jiao Nang (Secondary packaging) Fluconazole Capsule 50 mg (Primary packaging),FDA Advisory No. 2020-1262,2020-07-24
Fu Bang Luo Hong Mei Su Jiao Nang 150 mg Capsule,FDA Advisory No. 2020-1262,2020-07-24
Fufang Huangliansu Pian Tablet,FDA Advisory No. 2020-1262,2020-07-24
HASEN® Yansuan Leinitiding Zhusheye – Ranitidine Hydrochloride Injection Ampoule 2ml:50mg,FDA Advisory No. 2020-1262,2020-07-24
JUCISHAN® Jigan Zhusheye – Inosine Injection Ampoule 2ml:100mg,FDA Advisory No. 2020-1262,2020-07-24
Jiantong® Ganmaoqing Jiaonang Capsule,FDA Advisory No. 2020-1262,2020-07-24
Levofloxacin Lactate and Sodium Chloride Injection – Rusuan Zuoyangfushaxing Lvhuana Zhusheye 100 ml [as reflected in the package insert],FDA Advisory No. 2020-1262,2020-07-24
OTC 999®Ganmaoling Keli Sachet 9’s,FDA Advisory No. 2020-1262,2020-07-24
"OTC Ankahuangmin Jiaonang TS® – Paracetamol, Caffein, Atificial Cow-bezoar and Chlorphenamine Maleate Capsule [as reflected in the package insert]",FDA Advisory No. 2020-1262,2020-07-24
OTC Banlangen Keli Sachets 20’s,FDA Advisory No. 2020-1262,2020-07-24
OTC CISEN® Hongmeisu Yangao – Erythromycin Eye Ointment [as reflected in the package insert],FDA Advisory No. 2020-1262,2020-07-24
OTC Fufang Banlangen Keli Sachet 10’s [as reflected in the package insert],FDA Advisory No. 2020-1262,2020-07-24
OTC Fuke Tiaojing Pian Tablet [as reflected in the package insert],FDA Advisory No. 2020-1262,2020-07-24
OTC Huoxiang Zhengqi Jiaonang Capsule,FDA Advisory No. 2020-1262,2020-07-24
OTC Jianwei Xiaoshi Pian Tablet [as reflected in the package insert],FDA Advisory No. 2020-1262,2020-07-24
OTC Ke Te Ling Jiao Nang Capsule,FDA Advisory No. 2020-1262,2020-07-24
OTC Newomen® Shier Wujibaifeng Wan Sachet 8’s,FDA Advisory No. 2020-1262,2020-07-24
OTC Tian Ma Shou Wu Pian 0.5 g Tablet,FDA Advisory No. 2020-1262,2020-07-24
OTC Yansuan Anxiusuo Pian – Ambroxol Hydrochloride Tablet [as reflected in the package insert],FDA Advisory No. 2020-1262,2020-07-24
OTC [Label in foreign language],FDA Advisory No. 2020-1262,2020-07-24
"OTC shuangzuotai shuan – Metronidazole, Clotrimazole and Chlorhexidine Acetate Suppositories [as reflected in the package insert]",FDA Advisory No. 2020-1262,2020-07-24
Progesterone Injection Ampoule 1ml:10 mg,FDA Advisory No. 2020-1262,2020-07-24
SHANGYUAN® Gaomengsuanjia,FDA Advisory No. 2020-1262,2020-07-24
Shineway Qingkailing Zhusheye Ampoule 10 ml [as reflected in the package insert],FDA Advisory No. 2020-1262,2020-07-24
Zhusheyong Lai’anpilin – Lysine Acetylsalicylate for Injection Vial 0.9g [as reflected in the package insert],FDA Advisory No. 2020-1262,2020-07-24
[Label in foreign language],FDA Advisory No. 2020-1262,2020-07-24
[Label in foreign language] 0.25g,FDA Advisory No. 2020-1262,2020-07-24
Aciete de Manzanilla 25mL,FDA Advisory No. 2020-1263,2020-07-15
Benzalkonium Chloride (Tincture 100% Solution),FDA Advisory No. 2020-1263,2020-07-15
Cherry Pure Mineral Oil 25mL,FDA Advisory No. 2020-1263,2020-07-15
Salicylic Acid Solution 10% 25mL,FDA Advisory No. 2020-1263,2020-07-15
VJ’ BKC Chloride 25mL,FDA Advisory No. 2020-1263,2020-07-15
VJ’s Aciete De Manzanilla 25mL,FDA Advisory No. 2020-1263,2020-07-15
VJ’s Aciete De Manzanilla 50mL,FDA Advisory No. 2020-1263,2020-07-15
Alcohol Pads Saturated with 75% Ethyl Alcohol 100 pcs,FDA Advisory No. 2020-1266,2020-07-21
Chloramphenicol Eye Drops 8mL,FDA Advisory No. 2020-1270,2020-07-22
Fenhuangy I’an Zhusheye 2mL : 0.5g,FDA Advisory No. 2020-1270,2020-07-22
Flunarizine Hydrochloride Capsules 20’s [as reflected in the package insert],FDA Advisory No. 2020-1270,2020-07-22
Front OTC Sulfur Ointment,FDA Advisory No. 2020-1270,2020-07-22
Fu Fang Gan Cao Suan An Zhu She Ye 2ml,FDA Advisory No. 2020-1270,2020-07-22
Ganciclovir for Injection 0.25g,FDA Advisory No. 2020-1270,2020-07-22
Hu Gan Pian,FDA Advisory No. 2020-1270,2020-07-22
Huanglian Shangqing Pian,FDA Advisory No. 2020-1270,2020-07-22
Jin qian cao ke li 10g,FDA Advisory No. 2020-1270,2020-07-22
Lincomycin Hydrochloride Injection 2ml:0.6g,FDA Advisory No. 2020-1270,2020-07-22
OTC 21 Super-Vita Tablet 60’s,FDA Advisory No. 2020-1270,2020-07-22
OTC Dezhong [as reflected in the primary and secondary packaging] OTC Biyankang Pian [as reflected in the package insert],FDA Advisory No. 2020-1270,2020-07-22
OTC Fufang Anfennamin Keli,FDA Advisory No. 2020-1270,2020-07-22
OTC Fuyang Keli [as reflected in the package insert],FDA Advisory No. 2020-1270,2020-07-22
OTC Longzexiongdanjiaonang,FDA Advisory No. 2020-1270,2020-07-22
OTC Miconazole Nitrate Cream [as reflected in the package insert],FDA Advisory No. 2020-1270,2020-07-22
OTC Naolibao Wan,FDA Advisory No. 2020-1270,2020-07-22
OTC Vitamin E Soft Capsules,FDA Advisory No. 2020-1270,2020-07-22
OTC Xiguashuang Runhou Pian [as reflected in the package insert],FDA Advisory No. 2020-1270,2020-07-22
OTC Xuanmai Ganjie Keli [as reflected in the package insert],FDA Advisory No. 2020-1270,2020-07-22
OTC Yunnan Baiyao Qiwuji,FDA Advisory No. 2020-1270,2020-07-22
Osteoform Compound Bone Nutrition Formula 30g,FDA Advisory No. 2020-1270,2020-07-22
Potassium Chloride Injection 10ml:1g,FDA Advisory No. 2020-1270,2020-07-22
SPH Xinhuang Pian,FDA Advisory No. 2020-1270,2020-07-22
Xinqin Keli yosemade,FDA Advisory No. 2020-1270,2020-07-22
Clindamycin Phosphate Injection 2ml : 0.3g [as reflected in the secondary packaging],FDA Advisory No. 2020-1271,2020-07-22
Compound Miconazole Nitrate Cream,FDA Advisory No. 2020-1271,2020-07-22
Dexamethasone Acetate Cream 10g,FDA Advisory No. 2020-1271,2020-07-22
Dexamethasone Acetate Oral Mucoadhesive Patches [as reflected in the package insert],FDA Advisory No. 2020-1271,2020-07-22
Dexamethasone Acetate Tablets 0.75mg,FDA Advisory No. 2020-1271,2020-07-22
Griseofulvin Tablets 0.1g,FDA Advisory No. 2020-1271,2020-07-22
H21022500 [Label in Foreign Language] 25mg,FDA Advisory No. 2020-1271,2020-07-22
H33022029 [Label in Foreign Language],FDA Advisory No. 2020-1271,2020-07-22
H51023736 [Label in Foreign Language] 50mg,FDA Advisory No. 2020-1271,2020-07-22
Hydrochlorothiazide Tablets,FDA Advisory No. 2020-1271,2020-07-22
Nimodipine Tablets 20mg,FDA Advisory No. 2020-1271,2020-07-22
OTC Bausch + Lomb,FDA Advisory No. 2020-1271,2020-07-22
OTC Clotrimazole Cream [as reflected in the secondary packaging] OTC Kemeizuo Rugao [as reflected in the primary packaging],FDA Advisory No. 2020-1271,2020-07-22
OTC Compound Paracetamol and Amantadine Hydrochloride Tablets,FDA Advisory No. 2020-1271,2020-07-22
OTC Cyproheptadine Hydrochloride Cream,FDA Advisory No. 2020-1271,2020-07-22
OTC Fufang Zaoren Jiaonang [as reflected in the package insert],FDA Advisory No. 2020-1271,2020-07-22
OTC Multienzyme Tablets,FDA Advisory No. 2020-1271,2020-07-22
"OTC Paracetamol, Caffein, Atificial Cow-bezoar and Chlorphenamine Maleate Capsules [as reflected in the package insert]",FDA Advisory No. 2020-1271,2020-07-22
OTC Qing Yuan Calcium Gluconate Tablets,FDA Advisory No. 2020-1271,2020-07-22
OTC Sanhuangpian,FDA Advisory No. 2020-1271,2020-07-22
OTC Shibiao Yaoye,FDA Advisory No. 2020-1271,2020-07-22
OTC [Label in Foreign Language],FDA Advisory No. 2020-1271,2020-07-22
Phenolphthalein Tablets 100mg,FDA Advisory No. 2020-1271,2020-07-22
SPH H31020387 [Label in Foreign Language] 0.4g x 80mg,FDA Advisory No. 2020-1271,2020-07-22
Sanglianpai® Sai wei’an Jiaonang,FDA Advisory No. 2020-1271,2020-07-22
Sine® Pipemidic Acid Tablets 0.25g,FDA Advisory No. 2020-1271,2020-07-22
Triamcinolone Acetonide Nasal Spray,FDA Advisory No. 2020-1271,2020-07-22
Viaminate Capsules,FDA Advisory No. 2020-1271,2020-07-22
Vitamin B6 Injection 2ml : 0.1g,FDA Advisory No. 2020-1271,2020-07-22
70% Isopropyl Alcohol (IPA) 1 Gallon,FDA Advisory No. 2020-1300,2020-07-21
Ethyl Alcohol 70% 1 L,FDA Advisory No. 2020-1301,2020-07-21
GEE ETHYL ALCOHOL 70% SOLUTION 500 mL,FDA Advisory No. 2020-1302,2020-07-21
Dexamethasone Acetate Tablets 0.75mg,FDA Advisory No. 2020-1340,2020-07-23
H41021610 [Label in Foreign Language] 0.75mg,FDA Advisory No. 2020-1340,2020-07-23
OTC Fu Fang E Jiao Jiang,FDA Advisory No. 2020-1340,2020-07-23
Chlorphenamine Maleate Injection 1ml:10mg,FDA Advisory No. 2020-1341,2020-07-23
Fen an ka min pian,FDA Advisory No. 2020-1341,2020-07-23
Kelundayaochang® Glucose Injection 20ml:10g,FDA Advisory No. 2020-1341,2020-07-23
Yuntongdingjiaonang,FDA Advisory No. 2020-1341,2020-07-23
Zhengqing Fengtongning Pian [as reflected in the package insert],FDA Advisory No. 2020-1341,2020-07-23
999® OTC Sanjiu Weitai Jiaonang [as reflected in the package insert],FDA Advisory No. 2020-1342,2020-07-24
Lansoprazole Enteric-coated Tablets 15mg,FDA Advisory No. 2020-1342,2020-07-24
OTC Bausch + Lomb,FDA Advisory No. 2020-1342,2020-07-24
OTC Yulin® Shiduqing Jiaonang [as reflected in the package insert],FDA Advisory No. 2020-1342,2020-07-24
Pule’an Pian,FDA Advisory No. 2020-1342,2020-07-24
Dexamethasone Sodium Phosphate Eye Drops 5mL,FDA Advisory No. 2020-1343,2020-07-24
Minsheng® Raceanisodamine Tablets 5mg,FDA Advisory No. 2020-1343,2020-07-24
OTC Guilin Xiguashuang [as reflected in the package insert],FDA Advisory No. 2020-1343,2020-07-24
OTC Qiye Shen’an Pian,FDA Advisory No. 2020-1343,2020-07-24
Wantong Jingu Pian [as reflected in the package insert],FDA Advisory No. 2020-1343,2020-07-24
Jin Gang Teng Jiao Nang,FDA Advisory No. 2020-1344,2020-07-24
OTC Bangqi® Compound Guaiacol Potassium Sulfonale Oral Solution Fufang Yuchuangmufenhuang suanjia Koufu Rongye [as reflected in the secondary packaging],FDA Advisory No. 2020-1344,2020-07-24
OTC [Label in Foreign Language],FDA Advisory No. 2020-1344,2020-07-24
Qiushuixianjian Pian Colchicine Tablets,FDA Advisory No. 2020-1344,2020-07-24
Sheng Hua Wan,FDA Advisory No. 2020-1344,2020-07-24
OTC Fu Fang Ku Shen Shui Yang Suan San,FDA Advisory No. 2020-1345,2020-07-24
OTC Fufang Yuxingcao Pian,FDA Advisory No. 2020-1345,2020-07-24
Ossotide Injection 2ml:10mg Gutai Zhusheye [as reflected in the package insert],FDA Advisory No. 2020-1345,2020-07-24
Youcare Omeprazole Enteric-coated Capsules 20mg,FDA Advisory No. 2020-1345,2020-07-24
Zhi Su Ning Pian,FDA Advisory No. 2020-1345,2020-07-24
KHJ Kaihoujian Penwuji,FDA Advisory No. 2020-1346,2020-07-24
NV Bao Jiao Nang,FDA Advisory No. 2020-1346,2020-07-24
OTC Ainaxiang® Yanlishuang Kouhan Diwan,FDA Advisory No. 2020-1346,2020-07-24
Sine® Simvastatin Tablets 10mg,FDA Advisory No. 2020-1346,2020-07-24
Zhisuning Pian,FDA Advisory No. 2020-1346,2020-07-24
Medroxyprogesterone Acetate Tablets 2mg,FDA Advisory No. 2020-1347,2020-07-24
OTC Oryzanol Tablets GWSP,FDA Advisory No. 2020-1347,2020-07-24
OTC Yimucao Keli,FDA Advisory No. 2020-1347,2020-07-24
OTC Zuoquenuoyuntong Pian evonorgestrel Tablets [as reflected in the package insert],FDA Advisory No. 2020-1347,2020-07-24
Ribavirin Eye Drops 8mL,FDA Advisory No. 2020-1347,2020-07-24
OTC LN® Oral Rehydration Salts Powder (II),FDA Advisory No. 2020-1351,2020-07-27
OTC Livzon Cetirizine Hydrochloride Tablets,FDA Advisory No. 2020-1351,2020-07-27
"OTC Wei U Dianqie Lü Jiaonang II – Vitamin U, Belladonna and Aluminium Capsules II [as reflected in the package insert]",FDA Advisory No. 2020-1351,2020-07-27
OTC Yinhuang Keli,FDA Advisory No. 2020-1351,2020-07-27
Azithromycin Dispersible Tablets 6’s,FDA Advisory No. 2020-1434,2020-08-03
Azithromycin for Injection 0.25 g,FDA Advisory No. 2020-1434,2020-08-03
Ceftriaxone Sodium for Injection 1.0g,FDA Advisory No. 2020-1434,2020-08-03
Chloramphenicol Eye Drops Eye Sight 8ml:20mg,FDA Advisory No. 2020-1434,2020-08-03
Compound Aminophenazone and Barbital Injection 2ml,FDA Advisory No. 2020-1434,2020-08-03
Compound Amionpyrine and Antipyrine Injection 2ml,FDA Advisory No. 2020-1434,2020-08-03
Doxycycline Hyclate Tablets,FDA Advisory No. 2020-1434,2020-08-03
Fat Emulsion Injection 20% 250 ml,FDA Advisory No. 2020-1434,2020-08-03
Folic Acid Tablets 5mg,FDA Advisory No. 2020-1434,2020-08-03
Glucose Injection 5% 100 ml,FDA Advisory No. 2020-1434,2020-08-03
HUAYI® Vitamin C Injection 2ml:0.5g,FDA Advisory No. 2020-1434,2020-08-03
Imodium® 2mg,FDA Advisory No. 2020-1434,2020-08-03
JUCISHAN® Ofloxacin Eye Drops 5ml:15mg,FDA Advisory No. 2020-1434,2020-08-03
Jucishan® Ribavirin Injection 1ml:100mg,FDA Advisory No. 2020-1434,2020-08-03
Levofloxacin Hydrochloride Tablets 0.1g,FDA Advisory No. 2020-1434,2020-08-03
Lysine Acetylsalicylate for Injection 0.,FDA Advisory No. 2020-1434,2020-08-03
Merbromin Solution,FDA Advisory No. 2020-1434,2020-08-03
Methylrosanilinium Chloride Solutio,FDA Advisory No. 2020-1434,2020-08-03
Metronidazole and Sodium Chloride Injection 100 ml,FDA Advisory No. 2020-1434,2020-08-03
Micronomicin Sulfate Injection 2ml:60mg,FDA Advisory No. 2020-1434,2020-08-03
OTC Anti-Hemorrhoids Suppository,FDA Advisory No. 2020-1434,2020-08-03
OTC Ibuprofen Sustained Release Capsule,FDA Advisory No. 2020-1434,2020-08-03
OTC Jinsangzi Houpian [as reflected in the primary packaging] OTC Golden Throat Lozenge [as reflected in the secondary packaging],FDA Advisory No. 2020-1434,2020-08-03
OTC Sucralfate Chewable Tablets,FDA Advisory No. 2020-1434,2020-08-03
Ornidazole and Sodium Chloride Injection 100 ml,FDA Advisory No. 2020-1434,2020-08-03
Oxytocin Injection 1ml:10,FDA Advisory No. 2020-1434,2020-08-03
Potassium Sodium Dehydroandrographolide Succinate for Injection – Zhusheyong Yanhuning 80 mg,FDA Advisory No. 2020-1434,2020-08-03
Progesterone Injection 1ml :20mg,FDA Advisory No. 2020-1434,2020-08-03
QIANGSHEN®Amikacin Sulfate Injection 2ml:0.2g,FDA Advisory No. 2020-1434,2020-08-03
Raceanisodamine Hydrochloride Injection 1ml,FDA Advisory No. 2020-1434,2020-08-03
SINE® Calcium Gluconate Injection 10ml:1g,FDA Advisory No. 2020-1434,2020-08-03
SPH Furazolidone Tablets,FDA Advisory No. 2020-1434,2020-08-03
Sodium Chloride Injection 0.9% 100 ml,FDA Advisory No. 2020-1434,2020-08-03
TS® Ribavirin Injection 1ml:0.1g,FDA Advisory No. 2020-1434,2020-08-03
WY® Metronidazole Tablets 0.2 g,FDA Advisory No. 2020-1434,2020-08-03
Wing Long Red Flower Oil,FDA Advisory No. 2020-1434,2020-08-03
yatai® Aciclovir Tablets 0.1 g,FDA Advisory No. 2020-1434,2020-08-03
Dapo-Xetine V9 Capsules 10’s,FDA Advisory No. 2020-1548,2020-09-16
Fritillariae Expectorant Capsules 10’s,FDA Advisory No. 2020-1548,2020-09-16
Imperial Male Tonic Capsules 20’s,FDA Advisory No. 2020-1548,2020-09-16
Lu-Shen-Wan Pills 10’s,FDA Advisory No. 2020-1548,2020-09-16
Overseas Cold Tablet 6’s,FDA Advisory No. 2020-1548,2020-09-16
Jinling Fast-Act Cold Capsules 10’s,FDA Advisory No. 2020-1549,2020-09-16
Wong Tai Chiu Medicine Fty. Ser Lee Tan 6’s,FDA Advisory No. 2020-1549,2020-09-16
Extra Strength Original Super-Herb Power 2017 Capsules 6’s,FDA Advisory No. 2020-1550,2020-09-17
Extra Strong Power Capsule 10’s,FDA Advisory No. 2020-1550,2020-09-17
Improved Formula King 1800 mg Pills 5’s,FDA Advisory No. 2020-1550,2020-09-17
Japan Tengsu 0.5g/Tablet,FDA Advisory No. 2020-1550,2020-09-17
Snake Brand Snake Bones pills 20’s,FDA Advisory No. 2020-1551,2020-09-17
VIXA Skineal® Cream 15 g,FDA Advisory No. 2020-1551,2020-09-17
Kuyo Para Sa Pigsa”,FDA Advisory No. 2020-1552,2020-09-17
“Kuyo Para sa Pigsa”,FDA Advisory No. 2020-1552-A,
EQUALINE® Original Ointment First Aid Antibiotic Bacitracin Zinc. Neomycin Sulfate. Polymyxin B Sulfate,FDA Advisory No. 2020-1553,2020-09-17
Family CareTM Triple Antibiotic Ointment Bacitracin Zinc/ Neomycin Sulfate/ Polymyxin B Sulfate First Aid Antibiotic,FDA Advisory No. 2020-1553,2020-09-17
Lucky Super Soft® Bacitracin Zinc First Aid Antibiotic Ointment,FDA Advisory No. 2020-1553,2020-09-17
Sure Moringa Wonder Oil Liniment 60 mL,FDA Advisory No. 2020-1554,2020-09-17
“Sure Moringa Wonder Oil Liniment 60 mL,FDA Advisory No. 2020-1554-A,2020-09-17
Isopropyl Alcohol (Unscented) 70% Solution,FDA Advisory No. 2020-1558,2020-09-17
ETHYL ALCOHOL 70% SOLUTION 1 L,FDA Advisory No. 2020-1559,2020-09-17
ISOPROPYL ALCOHOL 70% (CLINSUP) SOLUTION 1 Gallon,FDA Advisory No. 2020-1560,2020-09-17
"70% PURE ETHYL ALCOHOL (ANTI-VIRUS), CORONA VIRUS FIGHTER 1 L",FDA Advisory No. 2020-1561,2020-09-17
Mika Love Isopropyl Alcohol 70% with Moisturizer 250 mL,FDA Advisory No. 2020-1562,2020-09-17
"ETHYL ALCOHOL 70% SOLUTION, DISINFECTANT / ANTISEPTIC 500 mL",FDA Advisory No. 2020-1563,2020-09-17
China Time-Honored Brand Paishi Keli 20g (as reflected in the package insert),FDA Advisory No. 2020-1601,2020-09-17
Diclofenac Sodium Sustained-Release Capsules,FDA Advisory No. 2020-1601,2020-09-17
The Rap of China Hiphop,FDA Advisory No. 2020-1601,2020-09-17
The Rap of China Rapper,FDA Advisory No. 2020-1601,2020-09-17
Hongmi® Dysmenorrhea Paste,FDA Advisory No. 2020-1602,2020-09-17
OTC Huangqi Jing,FDA Advisory No. 2020-1602,2020-09-17
OTC Pai Du Yang Yan Jiao Nang,FDA Advisory No. 2020-1602,2020-09-17
OTC Yiqi Yangxue Koufu Ye,FDA Advisory No. 2020-1602,2020-09-17
OTC Domperidone Tablets-Duopanlitong Pian (as reflected in the package insert),FDA Advisory No. 2020-1603,2020-09-17
OTC Newway Loratadine Tablets,FDA Advisory No. 2020-1603,2020-09-17
OTC She Xiang Zhi Chuang Shuan,FDA Advisory No. 2020-1603,2020-09-17
OTC Shexiang Qutong Chaji 56ml,FDA Advisory No. 2020-1603,2020-09-17
Win-Hey® Xuesaitong Pian,FDA Advisory No. 2020-1603,2020-09-17
Fu Yan Ling Jiao Nang,FDA Advisory No. 2020-1604,2020-09-17
OTC Ichthammol Ointment – Yushizhi Ruangao,FDA Advisory No. 2020-1604,2020-09-17
OTC Jin Sang Qing Yin Wan,FDA Advisory No. 2020-1604,2020-09-17
OTC Lincomycin Hydrochloride and Lidocaine Hydrochloride Gel),FDA Advisory No. 2020-1604,2020-09-17
Angong Jiangya Wan 32g,FDA Advisory No. 2020-1605,2020-09-18
Jianwei Zheng Chang Wan (Zheng Pai),FDA Advisory No. 2020-1605,2020-09-18
Rupixiao Pian,FDA Advisory No. 2020-1605,2020-09-18
SH Alenicvo Hidevenc,FDA Advisory No. 2020-1605,2020-09-18
SH Xdajkdfhp Nsteinbal,FDA Advisory No. 2020-1605,2020-09-18
Bullhead Brand® Te Xian Tong Feng Ling,FDA Advisory No. 2020-1606,2020-09-18
OTC Mayinglong Musk Hemorrhoids Ointment – Mayinglong Shexiang Zhichuang Gao (as reflected in the package insert),FDA Advisory No. 2020-1606,2020-09-18
OTC Qiangli Pipa Lu (as reflected in the package insert),FDA Advisory No. 2020-1606,2020-09-18
Tetracycline Tablets,FDA Advisory No. 2020-1606,2020-09-18
Zocon Tablets,FDA Advisory No. 2020-1606,2020-09-18
LN® Cefradine Capsules,FDA Advisory No. 2020-1607,2020-09-18
Label in foreign language,FDA Advisory No. 2020-1607,2020-09-18
Longsheng® Niuhuang Jiedu Pian (as reflected in the package insert),FDA Advisory No. 2020-1607,2020-09-18
OTC Livzon Cetirizine Hydrochloride Tablets,FDA Advisory No. 2020-1607,2020-09-18
OTC Methenamine Solution – Wuluotupin Rongye (as reflected in the package insert),FDA Advisory No. 2020-1607,2020-09-18
Fu Fang Huang’ An Jia’ E Zuo Pian,FDA Advisory No. 2020-1608,2020-09-18
Loperamide Hydrochloride Capsules,FDA Advisory No. 2020-1608,2020-09-18
OTC Constipation-Relief Capsule,FDA Advisory No. 2020-1608,2020-09-18
OTC Loratadine Tablets (Clarityne®),FDA Advisory No. 2020-1608,2020-09-18
Yinhua Miyanling Pian (as reflected in the package insert),FDA Advisory No. 2020-1608,2020-09-18
Anlitin Levonorgestrel,FDA Advisory No. 2020-1609,2020-09-18
Hippigra® Sildenafil (as Citrate) 100mg Tablet,FDA Advisory No. 2020-1609,2020-09-18
Jucishan® Ciprofloxacin Lactate Eye Drops,FDA Advisory No. 2020-1609,2020-09-18
Jucishan® Ofloxacin Ear Drops,FDA Advisory No. 2020-1609,2020-09-18
OTC Levonorgestrel Tablets – Zuoquenuoyuntong Pian (as reflected in the package insert),FDA Advisory No. 2020-1609,2020-09-18
Label in foreign language,FDA Advisory No. 2020-1610,2020-09-18
Natural Canvisol KSADTON Natural Herbals Formula,FDA Advisory No. 2020-1610,2020-09-18
OTC Baojikoufuye,FDA Advisory No. 2020-1610,2020-09-18
"OTC Paracetamol, Caffeine and Aspirin Powder",FDA Advisory No. 2020-1610,2020-09-18
OTC Yunnan Baiyao Qiwuji,FDA Advisory No. 2020-1610,2020-09-18
Ejiao 10g,FDA Advisory No. 2020-1611,2020-09-18
Heart Tonic Pills High Concentrated Health Product Comprises Precious Chinese Herbs,FDA Advisory No. 2020-1611,2020-09-18
OTC Jing Wan Hong Ruan Gao,FDA Advisory No. 2020-1611,2020-09-18
OTC Weitai “999” Granule Sanjiu Weitai Keli,FDA Advisory No. 2020-1611,2020-09-18
WT® (Label in foreign language),FDA Advisory No. 2020-1611,2020-09-18
Apollo® Hericium Erinaceus Super-Quality Healthy Oral Liquid,FDA Advisory No. 2020-1612,2020-09-18
Label in foreign language,FDA Advisory No. 2020-1612,2020-09-18
OTC Naoxinshu Koufuye,FDA Advisory No. 2020-1612,2020-09-18
Thousand Oil 45g,FDA Advisory No. 2020-1612,2020-09-18
Wo Hong Tong Double Action Bai Fung Pills,FDA Advisory No. 2020-1612,2020-09-18
Fengshiding Jiaonang (as reflected in the package insert),FDA Advisory No. 2020-1613,2020-09-18
OTC Zu Guang San,FDA Advisory No. 2020-1613,2020-09-18
Ruhe Sanjie Tablets,FDA Advisory No. 2020-1613,2020-09-18
Vitamin E (as reflected in the secondary packaging) YangShengTang Natural Vitamin E Soft Capsules (as reflected in the primary packaging),FDA Advisory No. 2020-1613,2020-09-18
Compound Reserpine and Triamterene Tablets – Fufang Lixueping Anbendieding Pian,FDA Advisory No. 2020-1614,2020-09-18
OTC Montmorillonite Powder,FDA Advisory No. 2020-1614,2020-09-18
OTC Salicylic Acid and Phenol Plasters,FDA Advisory No. 2020-1614,2020-09-18
OTC ZSM Siwei Zhenceng Bingpeng Diyanye (as reflected in the package insert),FDA Advisory No. 2020-1614,2020-09-18
TL® Allopurinol 0.1g Tablet,FDA Advisory No. 2020-1614,2020-09-18
BF® Fusidic Acid Cream 10g,FDA Advisory No. 2020-1615,2020-09-18
Cisen® Levofloxacin Hydrochloride Eye Drops – Yansuan Zuoyangfushaxing Diyanye,FDA Advisory No. 2020-1615,2020-09-18
Label in foreign language,FDA Advisory No. 2020-1615,2020-09-18
OTC Ranitidine Hydrochloride Capsules,FDA Advisory No. 2020-1615,2020-09-18
Smecta® Montmorillonite Powder 3g,FDA Advisory No. 2020-1615,2020-09-18
OTC Bohetong Xiruji,FDA Advisory No. 2020-1616,2020-09-18
OTC Chenxiang Lubailu Pian,FDA Advisory No. 2020-1616,2020-09-18
OTC Clotrimazole Solution 8ml,FDA Advisory No. 2020-1616,2020-09-18
Santen Sante FX 12ml,FDA Advisory No. 2020-1616,2020-09-18
Fuyankang Pian 0.25g,FDA Advisory No. 2020-1617,2020-09-18
KBN® Cefixime Capsules 100mg,FDA Advisory No. 2020-1617,2020-09-18
OTC Shaotangshang Gao,FDA Advisory No. 2020-1617,2020-09-18
OTC Tianma Jiaonang,FDA Advisory No. 2020-1617,2020-09-18
ShenglingcaoTM Shirunshaoshang 18g,FDA Advisory No. 2020-1617,2020-09-18
CISEN® Fluconazole and Sodium Chloride Injection 100ml:0.2g:0.9g,FDA Advisory No. 2020-1680,2020-09-23
Lysine Acetylsalicylate for Injection 0.9g,FDA Advisory No. 2020-1680,2020-09-23
OTC Chuanbei Qingfeitangjiang,FDA Advisory No. 2020-1680,2020-09-23
OTC Loratadine Syrup 60mL,FDA Advisory No. 2020-1680,2020-09-23
Raceanisodamine Hydrochloride Injection 1ml : 10mg,FDA Advisory No. 2020-1680,2020-09-23
Citiconline Sodium Injection 2ml:0.25g,FDA Advisory No. 2020-1681,2020-09-24
Hasen® Cimetidine Injection 2ml:0.2g,FDA Advisory No. 2020-1681,2020-09-24
Shenmai Zhusheye 10mL [as reflected in the package insert],FDA Advisory No. 2020-1681,2020-09-24
Xian Zhu Li 15mL,FDA Advisory No. 2020-1681,2020-09-24
[Label in Foreign Language],FDA Advisory No. 2020-1681,2020-09-24
Coenzyme A for Injection,FDA Advisory No. 2020-1682,2020-09-24
OTC Compound Flavescent Sophora and Salicylic Acid Powder Fufang Kushen Shuiyangsuan San [as reflected in the secondary packaging],FDA Advisory No. 2020-1682,2020-09-24
OTC She Dan Chuan Bei Ye 10mL,FDA Advisory No. 2020-1682,2020-09-24
Sanqi Shangyao Pian,FDA Advisory No. 2020-1682,2020-09-24
Zhennaoning Jiaonang,FDA Advisory No. 2020-1682,2020-09-24
Cusuan Ponisong Pian,FDA Advisory No. 2020-1683,2020-09-24
Nysfungin Tablets,FDA Advisory No. 2020-1683,2020-09-24
OTC Chlorphenamine Maleate Tablets,FDA Advisory No. 2020-1683,2020-09-24
OTC H21022140 [Label in Foreign Language],FDA Advisory No. 2020-1683,2020-09-24
SPH Ding Lu Brand® Haizhu Chuanxiding Pian,FDA Advisory No. 2020-1683,2020-09-24
OTC Cimetidine Tablets,FDA Advisory No. 2020-1684,2020-09-25
OTC Houtoujun Pian,FDA Advisory No. 2020-1684,2020-09-25
OTC Miaoshou® Vitamin B2 Tablets,FDA Advisory No. 2020-1684,2020-09-25
OTC Z35020252 [Label in Foreign Language],FDA Advisory No. 2020-1684,2020-09-25
WY® Metamizole Sodium Tablets 0.5g,FDA Advisory No. 2020-1684,2020-09-25
H44023966 [Label in Foreign Language],FDA Advisory No. 2020-1685,2020-09-25
Moroxydine Hydrochloride Tablets 0.1g,FDA Advisory No. 2020-1685,2020-09-25
OTC Inosine Tablets,FDA Advisory No. 2020-1685,2020-09-25
OTC Vitamin C Tablets,FDA Advisory No. 2020-1685,2020-09-25
OTC Yuanhu Zhitong Pian,FDA Advisory No. 2020-1685,2020-09-25
Lee Buan Soa Pill (Fishing Brand) 50 pills,FDA Advisory No. 2020-1686,2020-09-25
OTC Compound Vitamin B Tablets,FDA Advisory No. 2020-1686,2020-09-25
OTC Miaoshou® Vitamin B6 Tablets,FDA Advisory No. 2020-1686,2020-09-25
Shilintongpian,FDA Advisory No. 2020-1686,2020-09-25
Zhendong® Guang An Suan Pian,FDA Advisory No. 2020-1686,2020-09-25
Fufang Dantong Pian,FDA Advisory No. 2020-1687,2020-09-28
OTC Guo Hua® HNGH Tian Ma Shou Wu Pian,FDA Advisory No. 2020-1687,2020-09-28
OTC H51021671 [Label in Foreign Language],FDA Advisory No. 2020-1687,2020-09-28
OTC Wepon® Bromhexine Hydrochloride Tablets,FDA Advisory No. 2020-1687,2020-09-28
OTC Yansuan Xiujixin Pian,FDA Advisory No. 2020-1687,2020-09-28
Captopril Tablets 25mg,FDA Advisory No. 2020-1688,2020-09-29
OTC H35021094 [Label in Foreign Language],FDA Advisory No. 2020-1688,2020-09-29
Shilintong Pian,FDA Advisory No. 2020-1688,2020-09-29
Vitamin A and D Soft Capsules,FDA Advisory No. 2020-1688,2020-09-29
Xinwufeng H33022029 [Label in Foreign Language],FDA Advisory No. 2020-1688,2020-09-29
Lifeng® Nifedipine Tabiets 10mg,FDA Advisory No. 2020-1689,2020-09-30
OTC Cyproheptadine Hydrochloride Tablets,FDA Advisory No. 2020-1689,2020-09-30
OTC H43020325 [Label in Foreign Language],FDA Advisory No. 2020-1689,2020-09-30
OTC Xinwufeng H33021418 [Label in Foreign Language],FDA Advisory No. 2020-1689,2020-09-30
Yatai® Spironolactone Tablets 20mg,FDA Advisory No. 2020-1689,2020-09-30
H14020283 [Label in Foreign Language]1g,FDA Advisory No. 2020-1690,2020-09-30
Kelundayaochang® Glucose And Sodium Chloride Injection 500ml:25g:4.5g,FDA Advisory No. 2020-1690,2020-09-30
Kelundayaochang® Glucose and Sodium Chloride Injection 250ml:12.5g:2.25g,FDA Advisory No. 2020-1690,2020-09-30
Siluen® Litai Compound Amino Acid Injection (18AA) 5% 250mL,FDA Advisory No. 2020-1690,2020-09-30
Yabang Group H32020133 [Label in Foreign Language] 10mg,FDA Advisory No. 2020-1690,2020-09-30
Kinhoo Cefaclor for Suspension 0.125g,FDA Advisory No. 2020-1716,2020-10-28
OTC 111 Miaoji Wan [as reflected in the package insert],FDA Advisory No. 2020-1716,2020-10-28
OTC Ambroxol Hydrochloride Oral Solution,FDA Advisory No. 2020-1716,2020-10-28
OTC Shiquan Dabu Wan [as reflected in the package insert],FDA Advisory No. 2020-1716,2020-10-28
OTC Smectic Powder,FDA Advisory No. 2020-1716,2020-10-28
BAYER DIHON Compound Ketoconazole Lotion for Scalp Disorder – Fufang Tongkangzuo Fayong Xiji [as reflected in the package insert],FDA Advisory No. 2020-1717,2020-10-28
OTC XINHUI® Shedan Chuanbei Pipa Gao 207g,FDA Advisory No. 2020-1717,2020-10-28
OTC [Label in Foreign Language],FDA Advisory No. 2020-1717,2020-10-28
SHAN FENG Fufang Manshanbai Tangjiang,FDA Advisory No. 2020-1717,2020-10-28
Sea Cucumber Oyster,FDA Advisory No. 2020-1717,2020-10-28
Cefdinir Capsules 0.1g,FDA Advisory No. 2020-1718,2020-11-23
OTC Eloson® Mometasone Furoate Cream 0.1% (5g:5mg),FDA Advisory No. 2020-1718,2020-11-23
OTC Terbinafine Hydrochloride Cream,FDA Advisory No. 2020-1718,2020-11-23
OTC YUNPENG® Compound Aluminum Hydroxide Tablets,FDA Advisory No. 2020-1718,2020-11-23
Sanofi Clopidogrel Bisulfate Tablets (Plavix®) 75mg,FDA Advisory No. 2020-1718,2020-11-23
MSD Montelukast Sodium Tablets (Singulair®) 10mg,FDA Advisory No. 2020-1719,2020-10-28
OTC Erythromycin Ointment,FDA Advisory No. 2020-1719,2020-10-28
OTC Ibuprofen Sustained-Release Capsules,FDA Advisory No. 2020-1719,2020-10-28
OTC Shuangliao Houfeng San 2.2g,FDA Advisory No. 2020-1719,2020-10-28
OTC Zuguang San,FDA Advisory No. 2020-1719,2020-10-28
CHERISH Metamizole Sodium Injection 2ml:0.5g,FDA Advisory No. 2020-1720-A,2020-10-28
OTC Huangshi Xiangsheng Wan,FDA Advisory No. 2020-1720-A,2020-10-28
OTC Jieeryinxiye,FDA Advisory No. 2020-1720-A,2020-10-28
Xiaoyan Zhike Pian,FDA Advisory No. 2020-1720-A,2020-10-28
[Label in foreign language],FDA Advisory No. 2020-1720-A,2020-10-28
BAOZHUPAI® H14022492 100mg [Label in foreign language],FDA Advisory No. 2020-1721,2020-10-28
BYS® Levofloxacin Hydrochloride Tablets 0.1g,FDA Advisory No. 2020-1721,2020-10-28
Dongdu Haigou Jingzhiliubian 0.2g,FDA Advisory No. 2020-1721,2020-10-28
Hydrogen Peroxide Solution,FDA Advisory No. 2020-1721,2020-10-28
OTC H37023163,FDA Advisory No. 2020-1721,2020-10-28
Huanglianshangqingpian,FDA Advisory No. 2020-1722,2020-10-28
OTC Liuwei Dihuang Wan [as reflected in the package insert],FDA Advisory No. 2020-1722,2020-10-28
OTC REJOY GROUP Sangju Ganmao Pian,FDA Advisory No. 2020-1722,2020-10-28
OTC SOIN Ranal® Ranitidine Hydrochloride Capsules 0.15g,FDA Advisory No. 2020-1722,2020-10-28
nodse Yaotong Pian 0.25g,FDA Advisory No. 2020-1722,2020-10-28
Ambrocol Ambroxol Hydrochloride and Clenbuterol Hydrochloride Oral Solution,FDA Advisory No. 2020-1723,2020-10-28
Cefuroxime Axetil Capsules 0.125g,FDA Advisory No. 2020-1723,2020-10-28
Clobetasol Propionate Cream 10g:2mg,FDA Advisory No. 2020-1723,2020-10-28
OTC MEHECO Aciclovir Cream – Axiluowei Rugao 3% [as reflected in the package insert],FDA Advisory No. 2020-1723,2020-10-28
OTC Qingyan Pian [as reflected in the package insert],FDA Advisory No. 2020-1723,2020-10-28
CHERISH Ribavirin Injection 1ml:0.1g,FDA Advisory No. 2020-1724,2020-10-28
OTC Compound Dexamethasone Acetate Cream,FDA Advisory No. 2020-1724,2020-10-28
OTC Jin Guo Yin Yan Huo Pian,FDA Advisory No. 2020-1724,2020-10-28
OTC Qingre Xiaoyanning Jiaonang,FDA Advisory No. 2020-1724,2020-10-28
OTC ZNW® ZHEN NAN WANG Wei C Yingiao Pian,FDA Advisory No. 2020-1724,2020-10-28
La Concorde Ofloxacin Eye Drops 5ml:15mg,FDA Advisory No. 2020-1725,2020-10-28
OTC Shedan Chenpi Koufuye,FDA Advisory No. 2020-1725,2020-10-28
OTC Shedan Chuanbei Ye,FDA Advisory No. 2020-1725,2020-10-28
OUHUA® Ou Hua Yazhoukang Metronidazole and Fenbufen Capsules,FDA Advisory No. 2020-1725,2020-10-28
[Label in Foreign Language] 0.7g,FDA Advisory No. 2020-1725,2020-10-28
BYS® Acetylspiramycin Tablets 0.1g,FDA Advisory No. 2020-1726,2020-10-28
OTC Bailemian Jiaonang,FDA Advisory No. 2020-1726,2020-10-28
OTC Danpifen Ruangao,FDA Advisory No. 2020-1726,2020-10-28
OTC Shanhu Xuanjing,FDA Advisory No. 2020-1726,2020-10-28
yatai® Azithromycin Dispersible Tablets 0.25g,FDA Advisory No. 2020-1726,2020-10-28
Compound Reserpine and Triamterene Tablets – Fufang Lixueping Anbendieding Pian 12.5mg [as reflected in the the package insert],FDA Advisory No. 2020-1727,2020-10-28
Mengzhou Chaihu Zhusheye,FDA Advisory No. 2020-1727,2020-10-28
OTC Kesuting Tangjiang,FDA Advisory No. 2020-1727,2020-10-28
OTC Yimucao Keli,FDA Advisory No. 2020-1727,2020-10-28
Shuangliao Houfeng San 2.2g,FDA Advisory No. 2020-1727,2020-10-28
Ceftriaxone Sodium For Injection 1.0g,FDA Advisory No. 2020-1728,2020-10-28
NEW Sanjiuwushenyi Lushenmakapian 0.6g,FDA Advisory No. 2020-1728,2020-10-28
OTC REJOY GROUP Xiangsha Yangwei Wan,FDA Advisory No. 2020-1728,2020-10-28
Simotang koufuye [as reflected in package insert],FDA Advisory No. 2020-1728,2020-10-28
"Sophorae Flavescentis Radix, Stemonae Radix, Cnidii Fructus, Phellodendri Chinensis Cortex [as reflected in the package insert]",FDA Advisory No. 2020-1728,2020-10-28
Jiubojingen Haishenlubianmuliyapiantangguo 72g,FDA Advisory No. 2020-1729,2020-10-28
OTC Fuyinjie,FDA Advisory No. 2020-1729,2020-10-28
OTC Xinfufang Luhui Jiaonang [as reflected in the package insert],FDA Advisory No. 2020-1729,2020-10-28
OTC long dan xie gan wan [as reflected in the package insert],FDA Advisory No. 2020-1729,2020-10-28
Weishengsu B6 Zhusheye 2ml:0.1g,FDA Advisory No. 2020-1729,2020-10-28
BAILI PHARM CO. Ribavirin Granules 50mg,FDA Advisory No. 2020-1730,2020-10-28
Miejun Zhusheyong Shui 5ml,FDA Advisory No. 2020-1730,2020-10-28
OTC 111 Yishen Wan [as reflected in the package insert and primary packaging],FDA Advisory No. 2020-1730,2020-10-28
OTC Weitai “999” granule Sanjiu Weitai Keli [as reflected in the package insert],FDA Advisory No. 2020-1730,2020-10-28
Azithromycin Dispersible Tablets 0.25g,FDA Advisory No. 2020-1820,2020-10-20
HaCon Tinidazole Tablets 0.5g,FDA Advisory No. 2020-1820,2020-10-20
Neomycin Sulfate and Fluocinonide Cream,FDA Advisory No. 2020-1820,2020-10-20
OTC Viaminate and Vitamin E Cream,FDA Advisory No. 2020-1820,2020-10-20
WZX® Omeprazole Sodium for Injection 40 mg,FDA Advisory No. 2020-1820,2020-10-20
Diclofenac Sodium Sustained-Release Capsules,FDA Advisory No. 2020-1821,2020-10-20
Halcinonide Cream 10g,FDA Advisory No. 2020-1821,2020-10-20
Lindane Cream,FDA Advisory No. 2020-1821,2020-10-20
Roxithromycin Capsules,FDA Advisory No. 2020-1821,2020-10-20
Shyndec® Finasteride Tablets,FDA Advisory No. 2020-1821,2020-10-20
Benzyl Alcohol Injection 2ml:40mg,FDA Advisory No. 2020-1822,2020-10-20
Ciprofloxacin Hydrochloride Cream,FDA Advisory No. 2020-1822,2020-10-20
Cisapride Tablets,FDA Advisory No. 2020-1822,2020-10-20
Jucishan® Vitamin C Injection 2ml:0.5g,FDA Advisory No. 2020-1822,2020-10-20
OTC Colloidal Bismuth Pectin Capsule,FDA Advisory No. 2020-1822,2020-10-20
Hydrobenzole Hydrochloride Eye Drops 8ml:8mg,FDA Advisory No. 2020-1823,2020-10-20
Levonorgestrel and Quinestrol Tablets,FDA Advisory No. 2020-1823,2020-10-20
OTC Compound Salicylic Acid Liniment 15ml,FDA Advisory No. 2020-1823,2020-10-20
OTC Paracetamol Tablets,FDA Advisory No. 2020-1823,2020-10-20
Yunpeng® Tetracycline Tablets,FDA Advisory No. 2020-1823,2020-10-20
CSPC Ceftriaxone Sodium for Injection 1.0g,FDA Advisory No. 2020-1824,2020-10-20
Dawnrays Cefoperazone Sodium and Sulbactam Sodium for Injection 1.0g,FDA Advisory No. 2020-1824,2020-10-20
OTC Lincomycin Hydrochloride and Lidocaine Hydrochloride Gel,FDA Advisory No. 2020-1824,2020-10-20
OTC Vitamin C Tablets,FDA Advisory No. 2020-1824,2020-10-20
Ribavirin Granules 50mg,FDA Advisory No. 2020-1824,2020-10-20
Qiangshen® Prednisone Acetate Tablets,FDA Advisory No. 2020-1825,2020-10-20
Tiaojing Cuyun Wan 5g,FDA Advisory No. 2020-1825,2020-10-20
Xiao Tang Ling Jiao Nang XTLJN,FDA Advisory No. 2020-1825,2020-10-20
Diaoxinxuekangjiaonang,FDA Advisory No. 2020-1826,2020-10-21
Duanxueliu Jiaonang 0.35g,FDA Advisory No. 2020-1826,2020-10-21
Fufang Gancaosuan’ An Zhusheye,FDA Advisory No. 2020-1826,2020-10-21
Glucose and Sodium Chloride Injection 500ml,FDA Advisory No. 2020-1826,2020-10-21
OTC Sanhuang Pian,FDA Advisory No. 2020-1826,2020-10-21
(C14-24) Fat Emulsion Injection 20% 250ml,FDA Advisory No. 2020-1827,2020-10-21
Glucose Injection 5% 500ml,FDA Advisory No. 2020-1827,2020-10-21
H13021754 [Label in foreign language] 250ml,FDA Advisory No. 2020-1827,2020-10-21
Midecamycin Tablets 0.1g,FDA Advisory No. 2020-1828,2020-10-21
Sodium Houttuyfonate Tablets 30mg,FDA Advisory No. 2020-1828,2020-10-21
Yatai® Aciclovir Tablets 0.1g,FDA Advisory No. 2020-1828,2020-10-21
Yunfeng® Furosemide Tablets,FDA Advisory No. 2020-1828,2020-10-21
ZN Chlorphemamine Maleate Tablets,FDA Advisory No. 2020-1828,2020-10-21
Diclofenac Sodium Sustained Release Tablets – Shuanglufensuanna Huanshipian 75mg [as reflected in the package insert],FDA Advisory No. 2020-1829,2020-10-21
OTC Baihua You 5ml,FDA Advisory No. 2020-1829,2020-10-21
OTC Feng You Jing,FDA Advisory No. 2020-1829,2020-10-21
OTC Fuyan Kangfu Pian [as reflected in the package insert],FDA Advisory No. 2020-1829,2020-10-21
OTC Mupirocin Ointment – Mopiluoxing Ruangao[as reflected in the package insert],FDA Advisory No. 2020-1829,2020-10-21
Kaida® Nitroglycerin Tablets 0.5mg,FDA Advisory No. 2020-1830,2020-10-21
LN® Cefalexin Capsules,FDA Advisory No. 2020-1830,2020-10-21
OTC C [Label in foreign language],FDA Advisory No. 2020-1830,2020-10-21
OTC Vitamin E Soft Capsules 100mg,FDA Advisory No. 2020-1830,2020-10-21
Qing Shi Lu 30ml,FDA Advisory No. 2020-1831,2020-10-21
Xiangdanzhusheye 2ml,FDA Advisory No. 2020-1831,2020-10-21
Xuesaitong Zhusheye 2ml:100mg,FDA Advisory No. 2020-1831,2020-10-21
Sheng Mai Zhu She Ye,FDA Advisory No. 2020-1832,2020-10-21
Tian Shi Kang® Fufang Chenxiangwei Pian,FDA Advisory No. 2020-1832,2020-10-21
Your Life® Yourlife AE Feminine Hygiene Gel Aided-Eradicator 4g,FDA Advisory No. 2020-1832,2020-10-21
Zhusheyong Xiongxiantai 30mg,FDA Advisory No. 2020-1832,2020-10-21
Flavoxate Hydrochloride Tablets 0.2g,FDA Advisory No. 2020-1833,2020-10-21
Huixiang®,FDA Advisory No. 2020-1833,2020-10-21
OTC Zhenzhu Mingmu Diyanye (as reflected in the package insert),FDA Advisory No. 2020-1833,2020-10-21
Rifampicin Capsules,FDA Advisory No. 2020-1833,2020-10-21
Calcium Gluconate Injection 10ml:1g,FDA Advisory No. 2020-1834,2020-10-21
Cefixime Dispersible Tablets 100mg,FDA Advisory No. 2020-1834,2020-10-21
Clarithromycin Tablets 0.25g,FDA Advisory No. 2020-1834,2020-10-21
Fufang Huangliansu Pian,FDA Advisory No. 2020-1834,2020-10-21
Levofloxacin Hydrochloride Capsules,FDA Advisory No. 2020-1834,2020-10-21
Chloramphenicol Injection 2ml:0.25g,FDA Advisory No. 2020-1835,2020-10-21
Chlorpromazine Hydrochloride Tablets,FDA Advisory No. 2020-1835,2020-10-21
Compound Liquorice Tablets,FDA Advisory No. 2020-1835,2020-10-21
Vitamin K1 Injection 1ml:10mg,FDA Advisory No. 2020-1835,2020-10-21
Yunfeng® Piroxicam Tablets,FDA Advisory No. 2020-1835,2020-10-21
Fukangzuo Pian,FDA Advisory No. 2020-1836,2020-10-21
Ming Taiyi Badu Gao,FDA Advisory No. 2020-1836,2020-10-21
"OTC Paracetamol, Pseudoephedrine Hydrochloride and Dextromethorphan Hydrobromide Tablets II / Paracetamol, Pseudoephedrine Hydrochloride, Diphenhydramine Hydrochloride and Dextromethorphan Hydrobromide Tablets – Anfen Weima Meifen Pian II / An Ma Ben Mei Pian [as reflected in the package insert]",FDA Advisory No. 2020-1836,2020-10-21
999 Compound Ketoconazole and Clobetasol Propionate Cream – Tongkang Tasuo Rugao [as reflected in the package insert],FDA Advisory No. 2020-1837,2020-10-21
Neomycin Sulfate and Fluocinonide Cream – Xinmeisu Fuqingsong Rugao,FDA Advisory No. 2020-1837,2020-10-21
OTC 999 Fufang Cusuandisaimisong Rugao – Compound Dexamethasone Acetate Cream,FDA Advisory No. 2020-1837,2020-10-21
"OTC 999® Xiao’er Anfen Huang Namin Keli – Pediatric Paracetamol, Artificial Cow-Bezoar and Chlorphenamine Maleate Granules [as reflected in the package insert]",FDA Advisory No. 2020-1837,2020-10-21
CSPC® Shuxuening Zhusheye 5mL,FDA Advisory No. 2020-1841,2020-10-24
Levofloxacin Hydrochloride Tablets 0.1g,FDA Advisory No. 2020-1841,2020-10-24
Lihuapai ATP [as reflected in the secondary packaging] Adenosine Disodium Triphosphate Tablets Sanlinsuanxiangan’erna Pian [as reflected in the package insert],FDA Advisory No. 2020-1841,2020-10-24
Zhenyuan® Clarithromycin Tablets 0.25g,FDA Advisory No. 2020-1841,2020-10-24
Cheng En Kang® Fish Oil Softgel 1.0g,FDA Advisory No. 2020-1842,2020-10-24
Kelundayaochang® Cefalexin Capsules 125g,FDA Advisory No. 2020-1842,2020-10-24
OTC Zhibai Dihuang Wan,FDA Advisory No. 2020-1842,2020-10-24
Sanqi Shangyao Pian,FDA Advisory No. 2020-1842,2020-10-24
WT® 20150009 [Label in Foreign Language],FDA Advisory No. 2020-1842,2020-10-24
Nanbao Jiaonang,FDA Advisory No. 2020-1843,2020-10-24
OTC Baidai Wan,FDA Advisory No. 2020-1843,2020-10-24
OTC Kesutingtangjiang 100mL,FDA Advisory No. 2020-1843,2020-10-24
OTC Livzon Kangbingdu Keli [as reflected in the package insert],FDA Advisory No. 2020-1843,2020-10-24
OTC Yimucao Keli [as reflected in the package insert],FDA Advisory No. 2020-1843,2020-10-24
Gentamycin Sulfate Procaine Hydrochloride and Vitamin B12 Capsules 0.27g,FDA Advisory No. 2020-1844,2020-10-24
Luoxin® Famciclovir Tablets 0.125g,FDA Advisory No. 2020-1844,2020-10-24
Narcaricin® mite 50mg,FDA Advisory No. 2020-1844,2020-10-24
OTC SPH Sine® Famotidine Capsules,FDA Advisory No. 2020-1844,2020-10-24
H41025012 [Label in Foreign Language],FDA Advisory No. 2020-1845,2020-10-24
Huang Teng Su Pian,FDA Advisory No. 2020-1845,2020-10-24
Kelundayaochang® Shepherd Azithromycin Dispersible Tablets 0.25g,FDA Advisory No. 2020-1845,2020-10-24
Minsheng® Clindamycin Hydrochloride Capsules,FDA Advisory No. 2020-1845,2020-10-24
OTC Loratadine Tablets,FDA Advisory No. 2020-1845,2020-10-24
Bazheng Heji 120mL [as reflected in the secondary packaging],FDA Advisory No. 2020-1846,2020-10-24
OTC Fufang Cao Shan Hu Han Pian,FDA Advisory No. 2020-1846,2020-10-24
OTC Mupirocin Ointment,FDA Advisory No. 2020-1846,2020-10-24
OraSure® (HIV 1+2),FDA Advisory No. 2020-1846,2020-10-24
Xinbao Wan,FDA Advisory No. 2020-1846,2020-10-24
Jucishan® Norfloxacin Eye Drops 8ml:24mg,FDA Advisory No. 2020-1848,2020-10-24
Neptunus Aciclovir Tablets 0.1g,FDA Advisory No. 2020-1848,2020-10-24
OTC Iodine Glycerol 20mL,FDA Advisory No. 2020-1848,2020-10-24
OTC Qingliang You [as reflected in the secondary packaging],FDA Advisory No. 2020-1848,2020-10-24
Transton® Qu’annaide Zhusheye Triamcinolone Acetonide Injection 1ml:40mg,FDA Advisory No. 2020-1848,2020-10-24
Honest Hawk® Honey Suckle Flower 10g,FDA Advisory No. 2020-1849,2020-10-24
OTC Huangqi Jing [as reflected in the package insert],FDA Advisory No. 2020-1849,2020-10-24
OTC Pipa Zhike Keli,FDA Advisory No. 2020-1849,2020-10-24
Compound Reserpine and Triamterene Tablets – Fufang Lixueping Anbendieding Pian [as reflected in the package insert],FDA Advisory No. 2020-1878,2020-10-24
Label in foreign language,FDA Advisory No. 2020-1878,2020-10-24
OTC Fufang Jinyinhua Keli [as reflected in the package insert],FDA Advisory No. 2020-1878,2020-10-24
OTC Xiao Er Ke Chuan Ling Ke Li [as reflected in the secondary packaging] OTC Xiao’ Er Kechuanling Keli [as reflected in the package insert],FDA Advisory No. 2020-1878,2020-10-24
®Qianzhen,FDA Advisory No. 2020-1878,2020-10-24
Label in foreign language,FDA Advisory No. 2020-1879,2020-10-24
OTC H41022837 [Label in foreign language],FDA Advisory No. 2020-1879,2020-10-24
OTC Snake’s Gall-Bladder Chuanbei Capsule – Shedan Chuanbei Jiaonang [as reflected in the package insert],FDA Advisory No. 2020-1879,2020-10-24
H35020133 [Label in foreign language],FDA Advisory No. 2020-1880,2020-10-24
Kang Le Bi Yan Pian,FDA Advisory No. 2020-1880,2020-10-24
Label in foreign language,FDA Advisory No. 2020-1880,2020-10-24
OTC H42020611 Label in foreign language,FDA Advisory No. 2020-1880,2020-10-24
OTC Miconazole Nitrate Suppositories – Xiaosuan Mikangzuo Shuan [as reflected in the package insert],FDA Advisory No. 2020-1880,2020-10-24
Gongcheng® Flunarizine Hydrochloride Capsules – Yansuan Fuguiliqin Jiaonang,FDA Advisory No. 2020-1881,2020-10-24
Label in foreign language,FDA Advisory No. 2020-1881,2020-10-24
OTC FufangAnfenwan ‘An Pian – Compound Paracetamol and Amantadine Hydrochloride Tablets [as reflected in the package insert],FDA Advisory No. 2020-1881,2020-10-24
Label in foreign language,FDA Advisory No. 2020-1882,2020-10-24
OTC Yansuan Xiujixin Pian,FDA Advisory No. 2020-1882,2020-10-24
OTC [Label in foreign language],FDA Advisory No. 2020-1882,2020-10-24
Wofo Balm,FDA Advisory No. 2020-1882,2020-10-24
[Miejunzhusheyong Shui,FDA Advisory No. 2020-1882,2020-10-24
Label in foreign language,FDA Advisory No. 2020-1883,2020-10-24
OTC Rusuan Yisha ‘Ading Rongye – Ethacridine Lactate Solution,FDA Advisory No. 2020-1883,2020-10-24
OTC [Label in foreign language],FDA Advisory No. 2020-1883,2020-10-24
[Label in foreign language] 100ml,FDA Advisory No. 2020-1883,2020-10-24
Acnezon® 0.07 fl.oz/2ml,FDA Advisory No. 2020-1956,2020-11-03
Aminogen-X Injection 250 mL I.M.,FDA Advisory No. 2020-1956,2020-11-03
Bisotin Inj. “N.K.” 2ml (Primary packaging) Bisotin “N.K.”2ml x 50A (Secondary packaging),FDA Advisory No. 2020-1956,2020-11-03
Botulinum Toxin Type A 200 Units/1 Vial (Primary Packaging) Daewoong Botulinum Toxin Type A Nabota® Inj. Purified Neurotoxin Complex Units/1 Vial (Secondary Packaging),FDA Advisory No. 2020-1956,2020-11-03
Meditoxin® Purified Botulinum Toxin Type A Complex 100 units Medytox,FDA Advisory No. 2020-1956,2020-11-03
H41020443 [Label in foreign language] 0.1g,FDA Advisory No. 2020-1957,2020-11-03
HUGEL Botulinum Toxin Type A Botulax® 100 Units/1 Vial (Secondary Packaging),FDA Advisory No. 2020-1957,2020-11-03
Sodium Chloride Injection 10ml: 90 mg,FDA Advisory No. 2020-1957,2020-11-03
Venus Edge Slim 4D Premium Face Serum Solution 10ml EQ 34FL.OZ(Primary packaging) Venus Edge Slim Venus Edge 4D Slim Essence 10ml EQ 34FL.OZ (Secondary packaging),FDA Advisory No. 2020-1957,2020-11-03
Yansuan Shenshangx I Ansu 1ml:1mg,FDA Advisory No. 2020-1957,2020-11-03
Botulinum Toxin Type A 100 Units/1Vial (Primary Packaging) Daewoong Botulinum Toxin Type A Nabota® Inj. Purified Neurotoxin Complex 100 Units/1 Vial (Secondary Packaging),FDA Advisory No. 2020-1958,2020-11-03
Levocarnitine For Injection 1.0 g (Sample no.1),FDA Advisory No. 2020-1958,2020-11-03
Lidocaine Carbonate Injection 5ml:86mg,FDA Advisory No. 2020-1958,2020-11-03
Triamcinolone Acetonide Acetate Injection 5ml:50mg (Sample no.2),FDA Advisory No. 2020-1958,2020-11-03
[Label in foreign language] 0.3ml 1ml: 5mg ampoule (Sample no.3),FDA Advisory No. 2020-1958,2020-11-03
Z23020782 [label in foreign language]10ml ampoule (Sample no.8),FDA Advisory No. 2020-1959,2020-11-03
[Label in foreign language] 20ml: 0.1g ampoule (Sample no.4),FDA Advisory No. 2020-1959,2020-11-03
[Label in foreign language] 2ml: 20mg ampoule (Sample no.5 and 6),FDA Advisory No. 2020-1959,2020-11-03
[Label in foreign language] 5ml ampoule (Sample no.7),FDA Advisory No. 2020-1959,2020-11-03
[Label in foreign language]10ml:0.5g ampoule (Sample no.9),FDA Advisory No. 2020-1959,2020-11-03
Unlabeled Tablet (Sample 1),FDA Advisory No. 2020-1960,2020-11-03
Unlabeled Tablet (Sample 2),FDA Advisory No. 2020-1960,2020-11-03
Unlabeled Tablet (Sample 3),FDA Advisory No. 2020-1960,2020-11-03
Unlabeled Tablet (Sample 4),FDA Advisory No. 2020-1960,2020-11-03
[Label in foreign language] 2ml Ampoule (Sample no.10),FDA Advisory No. 2020-1960,2020-11-03
Unlabeled Capsule (Sample 8),FDA Advisory No. 2020-1961,2020-11-03
Unlabeled Soft Gel Capsule (Samples 6),FDA Advisory No. 2020-1961,2020-11-03
Unlabeled Soft Gel Capsule (Samples 7),FDA Advisory No. 2020-1961,2020-11-03
Unlabeled Tablet (Sample 5),FDA Advisory No. 2020-1961,2020-11-03
Jing Xin Brand Aloe Detoxification Capsules,FDA Advisory No. 2020-1962,2020-11-03
Melatonin 24g,FDA Advisory No. 2020-1962,2020-11-03
OTC Bazhen Yimu Wan,FDA Advisory No. 2020-1962,2020-11-03
Zantsons Iron & Folic Acid Tablets 30g,FDA Advisory No. 2020-1962,2020-11-03
OTC Compound Povidone Iodine Liniment – Fufang Juweitongdian Chaji [as reflected in the package insert],FDA Advisory No. 2020-1963,2020-11-03
OTC Fufang Anfenwanan Jiaonang,FDA Advisory No. 2020-1963,2020-11-03
Metronidazole Tablets 0.2g,FDA Advisory No. 2020-1964,2020-11-03
Qutong Pian,FDA Advisory No. 2020-1964,2020-11-03
Renren Hot Water Miliaria,FDA Advisory No. 2020-1964,2020-11-03
[Label in Foreign Language] 50g,FDA Advisory No. 2020-1964,2020-11-03
[Label in Foreign Language] 80g,FDA Advisory No. 2020-1964,2020-11-03
Baishi Tong Yuan Cool Oil 12mL,FDA Advisory No. 2020-1966,2020-11-03
Futurehealth Hirudoid® Mucopolysaccharide Polysulfate Cream 14g,FDA Advisory No. 2020-1966,2020-11-03
OTC Fufang Tujinpi Ding [as reflected in the package insert],FDA Advisory No. 2020-1966,2020-11-03
OTC Triatop® 2%,FDA Advisory No. 2020-1966,2020-11-03
OTC Yan Suan Te Bi Nai Fen Ru Gao 14g,FDA Advisory No. 2020-1966,2020-11-03
Juxiangtang Authentic Honghuayou 25mL,FDA Advisory No. 2020-1967,2020-11-03
OTC Boric Acid Solution 250mL,FDA Advisory No. 2020-1967,2020-11-03
Succhi® Lincomycin Hydrochloride Injection 2ml:0.6g,FDA Advisory No. 2020-1967,2020-11-03
Triamcinolone Acetonide and Neomycin Paste,FDA Advisory No. 2020-1967,2020-11-03
Tui Re Zou Zhu Ye 30mL,FDA Advisory No. 2020-1967,2020-11-03
Goldozing Nutrient solution Iron Zinc Calcium Amino Acid 10mL,FDA Advisory No. 2020-1968,2020-11-03
OTC Fufang Yuxingcao Pian,FDA Advisory No. 2020-1968,2020-11-03
OTC Motrin® Ibuprofen Suspension 100mL- Buluofen Hunxuanye [as reflected in the package insert],FDA Advisory No. 2020-1968,2020-11-03
OTC Xin Cheng Erding Keli,FDA Advisory No. 2020-1968,2020-11-03
Simcere Amoxicillin Granules 0.125g,FDA Advisory No. 2020-1968,2020-11-03
JieShiYuan Yatongyipenling Spray 30mL,FDA Advisory No. 2020-1969,2020-11-03
Levofloxacin Hydrochloride Tablets 0.1g,FDA Advisory No. 2020-1969,2020-11-03
OTC China Time-honored Brand- Houjiling Jiaonang [as reflected in the package insert],FDA Advisory No. 2020-1969,2020-11-03
OTC Sunflower Xiao’er Chaigui Tuire Keli [as reflected in the package insert],FDA Advisory No. 2020-1969,2020-11-03
OTC Zuguang San [as reflected in the secondary packaging],FDA Advisory No. 2020-1969,2020-11-03
Huangku Xiye,FDA Advisory No. 2020-1970,2020-11-03
OTC Sxa Oer Yiqing Keli,FDA Advisory No. 2020-1970,2020-11-03
Q/SXH Y010-2016 [Label in Foreign Language] 0.2g,FDA Advisory No. 2020-1970,2020-11-03
Sanyi Compound Fluocinonide Tincture 20mL,FDA Advisory No. 2020-1970,2020-11-03
Saveeach® [Label in Foreign Language] 20mL,FDA Advisory No. 2020-1970,2020-11-03
Annjet® 3% 100mL,FDA Advisory No. 2020-1971,2020-11-03
Gentamycin Sulfate Tablets 40mg,FDA Advisory No. 2020-1971,2020-11-03
Glucose Injection 5%,FDA Advisory No. 2020-1971,2020-11-03
Kelundayaochang® Glucose Injection 10% 250ml:25g,FDA Advisory No. 2020-1971,2020-11-03
Qianshen Chloramphenicol Tablets 0.25g,FDA Advisory No. 2020-1971,2020-11-03
Lume I Su Zhusheye 2ml : 0.25g,FDA Advisory No. 2020-1972,2020-11-03
OTC Children’s Coltalin®,FDA Advisory No. 2020-1972,2020-11-03
OTC Fufang Xiao’er Tuire Shuan [as reflected in the package insert],FDA Advisory No. 2020-1972,2020-11-03
OTC Yangxue Anshen Pian,FDA Advisory No. 2020-1972,2020-11-03
Zhitong Xiaoyan Ruangao,FDA Advisory No. 2020-1972,2020-11-03
Bayer Compound Ketoconazole Lotion for Scalp Disorders- Fufang Tongkangzuo Fayong Xiji [as reflected in the package insert],FDA Advisory No. 2020-2033,2020-11-09
Luo Hong Mei Su Jiao Nang 150mg,FDA Advisory No. 2020-2033,2020-11-09
OTC Multienzyme Tablets – Duo Mei Pian [as reflected in the package insert],FDA Advisory No. 2020-2033,2020-11-09
Q/SJ 0001S [Label in Foreign Language] 12.5g,FDA Advisory No. 2020-2033,2020-11-09
Tiger Balm® Red Ointment,FDA Advisory No. 2020-2033,2020-11-09
OTC 999® Xiao’er Zhike Tangjiang [as reflected in the package insert],FDA Advisory No. 2020-2041,2020-11-16
OTC Chuan Xin Lian Pian,FDA Advisory No. 2020-2041,2020-11-16
OTC Dinggui Erqi Tie [as reflected in the package insert],FDA Advisory No. 2020-2041,2020-11-16
OTC Smectite Powder,FDA Advisory No. 2020-2041,2020-11-16
Succhi® Dexamethasone Sodium Phosphate Injection 1ml:5mg,FDA Advisory No. 2020-2041,2020-11-16
Hydrogen Peroxide Disinfectant H2O2 100mL,FDA Advisory No. 2020-2051,2020-11-23
OTC Berberine Hydrochloride Tablets,FDA Advisory No. 2020-2051,2020-11-23
OTC Calamine Lotion,FDA Advisory No. 2020-2051,2020-11-23
OTC Cimetiden Tablets,FDA Advisory No. 2020-2051,2020-11-23
Cimetidine Injection 2ml:0.2g,FDA Advisory No. 2020-2100,2020-12-15
Libaweilin Zhusheye 1ml:100mg,FDA Advisory No. 2020-2100,2020-12-15
OTC Z19991005 [Label in Foreign Language],FDA Advisory No. 2020-2100,2020-12-15
Transfer Factor Oral Solution,FDA Advisory No. 2020-2100,2020-12-15
Zjiachmei® Albumin Human Immunity 120ml,FDA Advisory No. 2020-2100,2020-12-15
Flubendazole (Zelcom®) Tab.,FDA Advisory No. 2020-2101,2020-12-15
Tylenol® 500 mg tablet [Secondary Packaging] Tylenol® Tab Acetaminophen 500 mg [Primary Packaging],FDA Advisory No. 2020-2101,2020-12-15
Yuhan MSD Celestone-G® Cream 15g,FDA Advisory No. 2020-2101,2020-12-15
Ambroxol Hydrochloride Injection 2ml:15mg,FDA Advisory No. 2020-2102,2020-12-15
Gentamicin Sulfate Injection 2ml:80mg,FDA Advisory No. 2020-2102,2020-12-15
Minsheng® Raceanisodamine Hydrochloride Injection 1ml:10mg,FDA Advisory No. 2020-2102,2020-12-15
Omeprazole Sodium For Injection 40mg,FDA Advisory No. 2020-2102,2020-12-15
Vitamin B12 Injection 1ml:0.5mg,FDA Advisory No. 2020-2102,2020-12-15
CSPC® Adenosine Disodium Triphosphate Injection 2ml:20mg [as reflected in the secondary packaging],FDA Advisory No. 2020-2103,2020-12-15
Chlorphenamine Maleate Injection 1ml : 10mg,FDA Advisory No. 2020-2103,2020-12-15
Libaweilin Zhusheye 1ml : 100mg,FDA Advisory No. 2020-2103,2020-12-15
OTC Fufang Ganmaoling Pian,FDA Advisory No. 2020-2103,2020-12-15
OTC Wuling Capsule,FDA Advisory No. 2020-2103,2020-12-15
K® Fufang Danggui Zhusheye 2ml,FDA Advisory No. 2020-2104,2020-12-15
Misoprostol Tablets 0.2mg,FDA Advisory No. 2020-2104,2020-12-15
OTC Hongli® Baixuan Xiatare Pian,FDA Advisory No. 2020-2104,2020-12-15
Polyinosinic-Polycytidylic Acid Injection 2ml:2mg,FDA Advisory No. 2020-2104,2020-12-15
Succhi® Lincomycin Hydrochloride Injection 2ml:0.6g,FDA Advisory No. 2020-2104,2020-12-15
Mifepristone Tablets 25mg,FDA Advisory No. 2020-2105,2020-12-15
OTC Chuanbei Pipatangjiang Jiangxiheyingyaoye,FDA Advisory No. 2020-2105,2020-12-15
OTC Xiao’er Qixingcha Keli,FDA Advisory No. 2020-2105,2020-12-15
Suyingao 20ml,FDA Advisory No. 2020-2105,2020-12-15
Fortified Methyl Salicylate+Camphor+Menthol (Electruscent) Oil 25ml,FDA Advisory No. 2020-2106,2020-12-15
Methyl Salicylate (Oil of Wintergreen) 25ml,FDA Advisory No. 2020-2106,2020-12-15
Methyl Salicylate + Camphor+Menthol (Daisy) Herbal Liniment Oil 60ml,FDA Advisory No. 2020-2106,2020-12-15
Povidone Betadine 15ml,FDA Advisory No. 2020-2106,2020-12-15
Povidone Betadine 60ml,FDA Advisory No. 2020-2106,2020-12-15
Calcium Gluconate Injection 10mg:1g,FDA Advisory No. 2020-2107,2020-12-15
Cisen® Dexamethasone Sodium Phosphate Injection 1ml:5mg,FDA Advisory No. 2020-2107,2020-12-15
Compound Aminophenazone and Barbital Injection 2mL,FDA Advisory No. 2020-2107,2020-12-15
Lilaijianua® Jie Jiu Ling 10ml,FDA Advisory No. 2020-2107,2020-12-15
Super Man Ren Chu You® Spray 15ml,FDA Advisory No. 2020-2107,2020-12-15
Atrovent® 2ml:500μg,FDA Advisory No. 2020-2108,2020-12-15
Cefradine For Injection 0.5g,FDA Advisory No. 2020-2108,2020-12-15
OTC Houtongling Keli,FDA Advisory No. 2020-2108,2020-12-15
OTC Kesutingtangjiang 100ml,FDA Advisory No. 2020-2108,2020-12-15
Oc Mentholatum 150ml,FDA Advisory No. 2020-2108,2020-12-15
Epinephrine Hydrochloride Injection 1ml:1mg,FDA Advisory No. 2020-2109,2020-12-15
Furosemide Injection 2ml:20mg,FDA Advisory No. 2020-2109,2020-12-15
Hangover CupTM JZ 6g,FDA Advisory No. 2020-2109,2020-12-15
Lidocaine Hydrochloride Injection (For Solvent)-Yansuan Liduokayin Zhusheye (Rongjiyang),FDA Advisory No. 2020-2109,2020-12-15
Topfond® Gentamycin Sulfate Injection,FDA Advisory No. 2020-2109,2020-12-15
1-Ostealgia Plaster Far-Infrared Anti-inflammatory Analgesic Paste,FDA Advisory No. 2020-2110,2020-12-15
Terbinafine (Noali®) 10mg/g (1%) Cream,FDA Advisory No. 2020-2110,2020-12-15
Azithromycin For Injection 0.25g,FDA Advisory No. 2020-2111,2020-12-15
Fenhuangyi’an Zhusheye 2ml:0.5g,FDA Advisory No. 2020-2111,2020-12-15
Lumeisu Zhusheye 2ml:0.25g,FDA Advisory No. 2020-2111,2020-12-15
OTC Sine® Levonorgestrel Tablets – Zuoquenuoyuntong Pian,FDA Advisory No. 2020-2111,2020-12-15
RHP® Aminophylline Injection 2ml:0.25g,FDA Advisory No. 2020-2111,2020-12-15
Cisen® Vitamin C Injection 2ml:0.5g,FDA Advisory No. 2020-2112,2020-12-15
OTC Kangsen® Xiao Er Zhi Ke Tangjiang,FDA Advisory No. 2020-2112,2020-12-15
Yansuan Linkemeisu Zhusheye 2ml:0.6g,FDA Advisory No. 2020-2112,2020-12-15
Yi Chuang Promethazine Hydrochloride Injection – Yansuan Yibingqin Zhusheye [as reflected in the package insert],FDA Advisory No. 2020-2112,2020-12-15
Zhangshulong® Camphor Tree Brand Safflower Lotion 280ml,FDA Advisory No. 2020-2112,2020-12-15
Kelundayaochang® Glucose Injection 5% 250ml:25g,FDA Advisory No. 2020-2113,2020-12-15
Mecobalamin Injection 1ml:0.5mg,FDA Advisory No. 2020-2113,2020-12-15
Metoclopramide Dihydrochloride Injection 1ml:10mg,FDA Advisory No. 2020-2113,2020-12-15
Sodium Chloride Injection 0.9% 250ml:2.25g,FDA Advisory No. 2020-2113,2020-12-15
[Label in Foreign Language] 100ml:0.9g,FDA Advisory No. 2020-2113,2020-12-15
CSPC® Cefazolin Sodium For Injection 0.5g,FDA Advisory No. 2020-2114,2020-12-16
Clobetasol Propionate Cream 10g,FDA Advisory No. 2020-2114,2020-12-16
OTC Huo Luo You,FDA Advisory No. 2020-2114,2020-12-16
OTC Triamcinolone Acetonide Acetate Cream- Cusuan Qu’annaide Rugao [as reflected in the package insert],FDA Advisory No. 2020-2114,2020-12-16
Sterile Water For Injection 5ml,FDA Advisory No. 2020-2114,2020-12-16
Zynergia AmazingAG A Special Silver Solution Formula,FDA Advisory No. 2020-2115,2020-12-16
Zynergia Cashoo Warts Away! 5.0g,FDA Advisory No. 2020-2115,2020-12-16
Zynergia Menthol+Lime Oil (Express Rub) 36gwt,FDA Advisory No. 2020-2115,2020-12-16
Methyl Salicylate + Menthol + Camphor (BA-USCENT® Luy-A Plus Liniment) with Peppermint 60ml,FDA Advisory No. 2020-2116,2020-12-16
PMS Herbal Vapor Rub with Rosemarie & Bergamot 15grams,FDA Advisory No. 2020-2117,2020-12-16
PMS Since 1998 Citronella Liniment Oil with Pure Herbal Extract 60mL,FDA Advisory No. 2020-2117,2020-12-16
Hallelujah Eucalyptus Roll on Rub All Natural 10ml,FDA Advisory No. 2020-2118,2020-12-16
Hallelujah Negative Ion Roll on Rub All Natural 10ml,FDA Advisory No. 2020-2118,2020-12-16
Hallelujah Rub Negative Ion All Natural 25g,FDA Advisory No. 2020-2118,2020-12-16
Hallelujah Rub Turmeric All Natural 25g,FDA Advisory No. 2020-2118,2020-12-16
Hallelujah Turmeric Roll on Rub All Natural 10ml,FDA Advisory No. 2020-2118,2020-12-16
Cisen® Glucose Injection 20ml:10g,FDA Advisory No. 2020-2119,2020-12-16
Hasen® Metoclopramide Dihydrochloride Injection 1ml:10mg,FDA Advisory No. 2020-2119,2020-12-16
Potassium Sodium Dehydroandrographolide Succinate For Injection 200mg,FDA Advisory No. 2020-2119,2020-12-16
Vitamin B1 Injection 2ml:100mg,FDA Advisory No. 2020-2119,2020-12-16
Yansuan Benhailaming Zhusheye 1ml:20mg,FDA Advisory No. 2020-2119,2020-12-16
Cisen® Glucose Injection 20ml:10g,FDA Advisory No. 2020-2120,2020-12-16
Hasen® Metoclopramide Dihydrochloride Injection 1ml:10mg,FDA Advisory No. 2020-2120,2020-12-16
Potassium Sodium Dehydroandrographolide Succinate For Injection 200mg,FDA Advisory No. 2020-2120,2020-12-16
Vitamin B1 Injection 2ml:100mg,FDA Advisory No. 2020-2120,2020-12-16
Yansuan Benhailaming Zhusheye 1ml:20mg,FDA Advisory No. 2020-2120,2020-12-16
Anaconda 120 (Sildigra-120) Sildenafil Citrate Tablets 120mg,FDA Advisory No. 2020-2129,2020-12-15
CSPC® Potassium Chloride Injection 10ml:1ml,FDA Advisory No. 2020-2131,2020-12-15
CSPC® Vitamin B6 Injection 2ml:0.1g,FDA Advisory No. 2020-2131,2020-12-15
OTC Yangxue Anshen Keli,FDA Advisory No. 2020-2131,2020-12-15
Ribavirin Injection 5ml:0.5g,FDA Advisory No. 2020-2131,2020-12-15
Spray For Men 10ml,FDA Advisory No. 2020-2131,2020-12-15
Philippine Pure Cayenne 350mg Capsule 150’s,FDA Advisory No. 2020-2167,2020-12-16
Natural Balance HDMR Mind and Body Original 12grams,FDA Advisory No. 2020-2168,2020-12-17
H-Rub Happy Essential Rub+ Negative Ion 35grams,FDA Advisory No. 2020-2169,2020-12-17
Armadillo Antipyretic Pills 48’s,FDA Advisory No. 2020-2175,2020-12-28
Hieng Hok® Quick Rheumatism Capsule Tiger Wang Biaod 20’s,FDA Advisory No. 2020-2175,2020-12-28
Qianbai Biyan Pian Tablets 100’s,FDA Advisory No. 2020-2175,2020-12-28
OTC Beidougen Jiaonang Capsule 20’s,FDA Advisory No. 2020-2176,2020-12-28
OTC Qingkailing Jiaonang Capsule 24’s,FDA Advisory No. 2020-2176,2020-12-28
OTC Qumixin Rugao,FDA Advisory No. 2020-2176,2020-12-28
PIC/S GMP NK Pidelon Cream “N.K.” 20 Gm,FDA Advisory No. 2020-2176,2020-12-28
2019 NEW Xiao Shi Tong Niao Pian Tablets 100’s,FDA Advisory No. 2020-2177,2020-12-28
Ching On Tong Cold Syrup for Children Natural Herbs Preparation 120 ml,FDA Advisory No. 2020-2177,2020-12-28
GMP Qualimol 125mg / 5 ml Syrup 120 ml,FDA Advisory No. 2020-2177,2020-12-28
Madame Pearl’s Cough Syrup F2 for Children 60 ml,FDA Advisory No. 2020-2177,2020-12-28
Uni-Febrin Syrup 120 mL,FDA Advisory No. 2020-2177,2020-12-28
Polar Bear Brand Essential Embrocation 3ml,FDA Advisory No. 2020-2211,2021-01-08
OTC Keke® Capsule 12’s,FDA Advisory No. 2020-2212,2021-01-08
OTC Nongsuowan Mingmu Dihuangwan Pellet 100’s,FDA Advisory No. 2020-2212,2021-01-08
Xuezhikang Jiaonang Capsule 12’s,FDA Advisory No. 2020-2212,2021-01-08
Barros Native Tuba Tuba Oil Liniment,FDA Advisory No. 2021-0001,2021-01-12
NoBiteTM 60ml,FDA Advisory No. 2021-0001,2021-01-12
Norash 25 gms,FDA Advisory No. 2021-0001,2021-01-12
Norash 75 gms,FDA Advisory No. 2021-0001,2021-01-12
CISEN® H37021756 5% 250ml 12.5g [Label in Foreign Language],FDA Advisory No. 2021-0006,2021-01-13
CISEN® H37021825 5% 500ml:25g [Label in Foreign Language],FDA Advisory No. 2021-0006,2021-01-13
Jinkui Shenqi Wan,FDA Advisory No. 2021-0006,2021-01-13
Josamycin Tablets 0.2g,FDA Advisory No. 2021-0006,2021-01-13
OTC Z44022627 [Label in Foreign Language],FDA Advisory No. 2021-0006,2021-01-13
CISEN® Levofloxacin Lactate and Sodium Chloride Injection 100ml:0.2g,FDA Advisory No. 2021-0007,2021-01-13
Levofloxacin Hydrochloride Tablets 0.1g,FDA Advisory No. 2021-0007,2021-01-13
OTC Bei® Kangbingdukoufuye,FDA Advisory No. 2021-0007,2021-01-13
OTC Musk Hemorrhoids Ointment,FDA Advisory No. 2021-0007,2021-01-13
SINE® Lincomycin Hydrochloride Injection 2ml : 0.6g,FDA Advisory No. 2021-0007,2021-01-13
CISEN® H37021822 250ml [Label in Foreign Language],FDA Advisory No. 2021-0008,2021-01-13
GB15979 12g [Label in foreign Language],FDA Advisory No. 2021-0008,2021-01-13
OTC Guo Guang® Z50020601 [Label in Foreign Language],FDA Advisory No. 2021-0008,2021-01-13
OTC Z34020127 [Label in Foreign Language],FDA Advisory No. 2021-0008,2021-01-13
SPH H31020387 [Label in Foreign Language],FDA Advisory No. 2021-0008,2021-01-13
A Qi Mei Su Fen San Pian,FDA Advisory No. 2021-0009,2021-01-13
Erythromycin Estolate Tablets,FDA Advisory No. 2021-0009,2021-01-13
OTC Anshenbunaoye,FDA Advisory No. 2021-0009,2021-01-13
OTC Huoxiang Zhengqi Shui,FDA Advisory No. 2021-0009,2021-01-13
OTC [Label in Foreign Language],FDA Advisory No. 2021-0009,2021-01-13
HUIFA® Zhisuningpian,FDA Advisory No. 2021-0032-A,2021-01-18
KL® Sodium Chloride Injection 0.9% 500ml:4.5g,FDA Advisory No. 2021-0032,2021-01-18
OTC F® Z51020114 [Label in Foreign Language],FDA Advisory No. 2021-0032,2021-01-18
OTC H20003790 [Label in Foreign Language],FDA Advisory No. 2021-0032,2021-01-18
OTC Zhibai Dihuang Wan,FDA Advisory No. 2021-0032,2021-01-18
Xinshenghua Keli,FDA Advisory No. 2021-0032,2021-01-18
Zithromax® Azithromycin For Suspension 0.1g,FDA Advisory No. 2021-0032,2021-01-18
MAXI Atletika Health and Well-being Soap 60g,FDA Advisory No. 2021-0063,2021-01-27
Co Pharm Petroleum Jelly 50g,FDA Advisory No. 2021-0064,2021-01-27
Kiyeski Electrostatic Physiotherapeutic Plaster,FDA Advisory No. 2021-0065,2021-01-27
OTC Tiger Balm Ointment,FDA Advisory No. 2021-0138,2021-01-29
Ohta Ohta’s Isan 75g,FDA Advisory No. 2021-0138,2021-01-29
Shell Stomach Ache Powder 60g,FDA Advisory No. 2021-0138,2021-01-29
Golden Sun Cefradine Capsules 0.25 g,FDA Advisory No. 2021-0139-A,2021-01-29
Junmiao Tang Tong Jing Tie,FDA Advisory No. 2021-0139-A,2021-01-29
OTC Rohto Compound Taurine Eye Drops-Fufang Niuhuang Suan Diyanye [as reflected in the package insert],FDA Advisory No. 2021-0139-A,2021-01-29
OTC San Huang Pian,FDA Advisory No. 2021-0139-A,2021-01-29
Refined Sea-Horse Expelling Rheumatism Plaster,FDA Advisory No. 2021-0139-A,2021-01-29
Flunarizine Hydrochloride Capsules-Yansuan Fuguiligin Jiaonang [as reflected in the package insert],FDA Advisory No. 2021-0140,2021-02-01
Hangcaozhichuanggao 15g,FDA Advisory No. 2021-0140,2021-02-01
LS®BL Compound Ketoconazole Cream-Fufang Tongkangzuo Ruangao [as reflected in the package insert],FDA Advisory No. 2021-0140,2021-02-01
OTC Jiuhua Zhi Chuang Shuan,FDA Advisory No. 2021-0140,2021-02-01
OTC Levonorgestrel Tablets (Yuting®) [as reflected in the package insert],FDA Advisory No. 2021-0140,2021-02-01
OTC H42020614 [Label in Foreign Language],FDA Advisory No. 2021-0141,2021-02-01
OTC Sanqi Pian,FDA Advisory No. 2021-0141,2021-02-01
PIC/S GMP Ampamts Ointment “ Shiteh” 15g,FDA Advisory No. 2021-0141,2021-02-01
Po Chai Pills Bottle Form,FDA Advisory No. 2021-0141,2021-02-01
Bing Bing,FDA Advisory No. 2021-0142,2021-02-01
OTC 999® Qiangli Pipalu 120 ml [as reflected in the package insert],FDA Advisory No. 2021-0142,2021-02-01
OTC Fishing Lee Man Shan Pills Fishing Brand 35 Pills.,FDA Advisory No. 2021-0142,2021-02-01
OTC Salicylic Acid and Phenol Plasters,FDA Advisory No. 2021-0142,2021-02-01
OTC Trumpet Brand Gastrointestinal Pills (Seirogan ®) 100 Pills,FDA Advisory No. 2021-0142,2021-02-01
Compound Bendazol and Hydrochlorothiazide [as reflected in the primary packaging],FDA Advisory No. 2021-0143,2021-02-01
OTC Domperidone Tablets-Duopanlitong Pian [as reflected in the package insert],FDA Advisory No. 2021-0143,2021-02-01
OTC Levonorgestrel Enteric-coated Tablets,FDA Advisory No. 2021-0143,2021-02-01
OTC Liuwei Dihuang Wan,FDA Advisory No. 2021-0143,2021-02-01
Yatai Roxithromycin Capsule 0.15g,FDA Advisory No. 2021-0143,2021-02-01
Minocin Minocycline Hydrochloride Capsule 100mg,FDA Advisory No. 2021-0144,2021-02-01
OTC Loratadine Tablets- Lü Lei Ta Ding Pian [as reflected in the package insert],FDA Advisory No. 2021-0144,2021-02-01
"OTC Paracetamol, Caffeine and Aspirin Powder",FDA Advisory No. 2021-0144,2021-02-01
OTC Tongren Wuji Baifeng Wan [as reflected in the package insert],FDA Advisory No. 2021-0144,2021-02-01
Tong Ren Tan Niu Huang Jie Du Pian 0.6g Tablet,FDA Advisory No. 2021-0144,2021-02-01
OTC Miao Medicine Fushu Zhiyanggao,FDA Advisory No. 2021-0145,2021-02-01
Kelundayaochang® Sodium Bicarbonate Injection 250ml,FDA Advisory No. 2021-0171,2021-02-03
Qinggong® – Sihuang Qingxin Wan [as reflected in the package insert],FDA Advisory No. 2021-0171,2021-02-03
Xi Gua Shuang Spray 30ml,FDA Advisory No. 2021-0171,2021-02-03
Yi Yong Leng Fu Tie,FDA Advisory No. 2021-0171,2021-02-03
ZBT WenXin Keli Sachets 9’s [as reflected in the package insert],FDA Advisory No. 2021-0171,2021-02-03
Coenzyme A for Injection,FDA Advisory No. 2021-0172,2021-02-03
Herbs Itching Antibacterial Ointment 20g,FDA Advisory No. 2021-0172,2021-02-03
OTC Erythromycin Ointment – Hongmeisu Ruangao [as reflected inside the box],FDA Advisory No. 2021-0172,2021-02-03
OTC Livzon Cetirizine Hydrochloride Tablets Yansuan Xitiliqin Pian [as reflected in the package insert],FDA Advisory No. 2021-0172,2021-02-03
OTC Taiji® SWD Sanlietong [as reflected in the secondary packaging]Compound Paracetamol Tablets (II) Fufang Duiyixian’ anjifen Pian (II) [as reflected in the package insert],FDA Advisory No. 2021-0172,2021-02-03
La Concorde® Levofloxacin Hydrochloride Eye Drops 5ml:15mg,FDA Advisory No. 2021-0173-A,2021-02-03
OTC Hercules® Jinguoyin 90 ml,FDA Advisory No. 2021-0173-A,2021-02-03
OTC Huoxiang Zhengqi Shui,FDA Advisory No. 2021-0173-A,2021-02-03
Oxytocin Injection 1ml:10,FDA Advisory No. 2021-0173-A,2021-02-03
Tong Feng Shu Pian,FDA Advisory No. 2021-0173-A,2021-02-03
Danshenzhusheye 2ml,FDA Advisory No. 2021-0174,2021-02-03
Kaiqiao® Chlorzoxazone Tablets 0.2g,FDA Advisory No. 2021-0174,2021-02-03
OTC Fenghan Ganmao Keli Sachets 9’s [as reflected in the package insert],FDA Advisory No. 2021-0174,2021-02-03
Sine® Amikacin Sulfate Injection 2ml: 0.2g,FDA Advisory No. 2021-0174,2021-02-03
Xinfeng Yaoye® Ganmaoqing Pian,FDA Advisory No. 2021-0174,2021-02-03
Fengliao Changweikang Keli Sachets 9’s,FDA Advisory No. 2021-0175,2021-02-03
Kelundayaochang® Ornidazole Tablets 0.25g,FDA Advisory No. 2021-0175,2021-02-03
Med Shine Tacrolimus Ointment 0.1% – Takemosi Ruangao [as reflected in the package insert],FDA Advisory No. 2021-0175,2021-02-03
OTC Weikangling Jiaonang [as reflected in the package insert],FDA Advisory No. 2021-0175,2021-02-03
SY® Vitamin B12 Injection – Weishengsu B12 Zhusheye 1ml:1mg,FDA Advisory No. 2021-0175,2021-02-03
Cefaclor Capsules 6’s,FDA Advisory No. 2021-0176,2021-02-03
OTC Bayer Saridon Paracetamol 250mg Propyphenazone 150mg Caffeine 50mg,FDA Advisory No. 2021-0176,2021-02-03
"OTC Ulook® Naphazoline Hydrochloride, Chlorphenamine Maleate and Vitamin B12 Eye Drops Naiminwei Diyanye [as reflected in the package insert]",FDA Advisory No. 2021-0176,2021-02-03
Tobramycin Sulfate Injection 2ml:80mg,FDA Advisory No. 2021-0176,2021-02-03
Youcare Lansoprazole Enteric-Coated Tablets – Lansuolazuo Changrongpian,FDA Advisory No. 2021-0176,2021-02-03
OTC F® Yinqiaojiedukeli Sachets 10’s,FDA Advisory No. 2021-0177,2021-02-03
OTC Qingkailing Keli Sachets 10’s,FDA Advisory No. 2021-0177,2021-02-03
OTC Yan Yan Pian,FDA Advisory No. 2021-0177,2021-02-03
OTC Yeast Tablets – Gan Jiao Mu Pian,FDA Advisory No. 2021-0177,2021-02-03
Yaxiang Q/SQYX 006-2015 500ml,FDA Advisory No. 2021-0177,2021-02-03
CCO® Vitamin D2 and Calcium Colloid Injection Ampoule 10’s,FDA Advisory No. 2021-0178,2021-02-03
DUB® Sodium Chloride Injection 0.9% 250ml,FDA Advisory No. 2021-0178,2021-02-03
OTC Manshanbai Tangjiang [as reflected in the package insert],FDA Advisory No. 2021-0178,2021-02-03
SPH Shanghai Pharma Hydroxychloroquine Sulfate Tablets 0.1g,FDA Advisory No. 2021-0178,2021-02-03
ShenglingcaoTM Lang Du,FDA Advisory No. 2021-0178,2021-02-03
Cisen® H20043407 100ml: 0.2g,FDA Advisory No. 2021-0179,2021-02-03
Dexcon® 75% 500ml (Label in foreign language),FDA Advisory No. 2021-0179,2021-02-03
Fp® Mannitol Injection,FDA Advisory No. 2021-0179,2021-02-03
Ganshanhu® Q/JCSH001 3.0% [Label in foreign language],FDA Advisory No. 2021-0179,2021-02-03
OTC Ftibamzone Cream,FDA Advisory No. 2021-0179,2021-02-03
OTC Liuwei Dihuang Wan [as reflected in the package insert],FDA Advisory No. 2021-0180,2021-02-03
OTC Qingxiusuan Youmeishafen Koufurongye,FDA Advisory No. 2021-0180,2021-02-03
Qiangshen® Gentamicin Sulfate Injection 2ml,FDA Advisory No. 2021-0180,2021-02-03
Ribavirin Injection 1ml:100mg,FDA Advisory No. 2021-0180,2021-02-03
Zishuobiyanshuning 20ml,FDA Advisory No. 2021-0180,2021-02-03
Aciclovir for Injection 0.25g,FDA Advisory No. 2021-0181,2021-02-03
Fengliao Changweikang Pian,FDA Advisory No. 2021-0181,2021-02-03
N® Xinshenghua Keli Sachets 10’s,FDA Advisory No. 2021-0181,2021-02-03
OTC Ding Lu Brand® Wei San Sachets 24’s,FDA Advisory No. 2021-0181,2021-02-03
OTC F® Banlangenkeli Sachets 20’s,FDA Advisory No. 2021-0181,2021-02-03
Dexcon® 75% 100mL,FDA Advisory No. 2021-0184,2021-02-04
Erythromycin EthylSuccinate Tablets 0.125g,FDA Advisory No. 2021-0184,2021-02-04
OTC H® Jinhoujian Penwuji,FDA Advisory No. 2021-0184,2021-02-04
OTC Tongbianling Jiaonang,FDA Advisory No. 2021-0184,2021-02-04
Yankening Pian,FDA Advisory No. 2021-0184,2021-02-04
DUB® Glucose Injection 5% 250 ml,FDA Advisory No. 2021-0185,2021-02-04
Kaiherong®,FDA Advisory No. 2021-0185,2021-02-04
OTC 999® Yanyan Pian [as reflected in the package insert],FDA Advisory No. 2021-0185,2021-02-04
OTC Fuke Qianjin Pian,FDA Advisory No. 2021-0185,2021-02-04
OTC Nanhai® Fufang Ku Shen Shui Ang Sunan San,FDA Advisory No. 2021-0185,2021-02-04
AOS Health & Beauty Solutions Vegie MaxTM Essential Oil 60 mL,FDA Advisory No. 2021-188,2021-08-05
CSPC® Galculus Bovis and Metronidazole Capsules,FDA Advisory No. 2021-0188,2021-02-08
Dabaidu Jiaonang,FDA Advisory No. 2021-0188,2021-02-08
Lan Ling® Aminomethylbenzoic Acid Injection 10ml:0.1g,FDA Advisory No. 2021-0188,2021-02-08
OTC Fuyang Keli Sachets 10’s,FDA Advisory No. 2021-0188,2021-02-08
WT® Transfer Factor Oral Solution – Zhuanyiyinzi Koufurongye [as reflected in the package insert],FDA Advisory No. 2021-0188,2021-02-08
Galculus Bovis and Metronidazole Capsules – Rengongniuhuang Jiaxiaozuo Jiaonang [as reflected in the package insert],FDA Advisory No. 2021-0189,2021-02-09
OTC D3 Calcichew® D,FDA Advisory No. 2021-0189,2021-02-09
OTC Dezhong® Paracetamol Tablets Duiyixian’ Anjifen Pian 0.5g [as reflected in the package insert],FDA Advisory No. 2021-0189,2021-02-09
OTC Huacheng® Longdan Xiegan Wan,FDA Advisory No. 2021-0189,2021-02-09
ShenglingcaoTM Vision Eye Drops 12ml,FDA Advisory No. 2021-0189,2021-02-09
H35020178 [Label in foreign language],FDA Advisory No. 2021-0190,2021-02-09
OTC Bupi Yichang Wan [as reflected in the package insert],FDA Advisory No. 2021-0190,2021-02-09
OTC Nysfungin Vaginal Suppositories,FDA Advisory No. 2021-0190,2021-02-09
OTC Sxaoer Sachets,FDA Advisory No. 2021-0190,2021-02-09
"OTC WT® Pediatric Paracetamol, Atificial Cow-bezoar and Chlorphenamine Maleate Granules – Xiao’er Anfen Huang Namin Keli 6g [as reflected in the package insert]",FDA Advisory No. 2021-0190,2021-02-09
Ambroxol Hydrochloride Injection 2ml:15mg,FDA Advisory No. 2021-0191,2021-02-09
Calcium Gluconate Injection 10ml:1g,FDA Advisory No. 2021-0191,2021-02-09
Norfloxacin Capsules 0.1g,FDA Advisory No. 2021-0191,2021-02-09
Potassium Sodium Dehydroandroandrographolide Succinate for Injection 80mg,FDA Advisory No. 2021-0191,2021-02-09
Qiangshen® Lincomycin Hydrochloride Injection 2ml:0.6g,FDA Advisory No. 2021-0191,2021-02-09
OTC Caltrate 600-D,FDA Advisory No. 2021-0192,2021-02-09
OTC Rotundine Tablets – Luotongding Pian [as reflected in the package insert],FDA Advisory No. 2021-0192,2021-02-09
Shenshitong Keli 15g,FDA Advisory No. 2021-0192,2021-02-09
Sterile Water for Injection 2ml,FDA Advisory No. 2021-0192,2021-02-09
Tobramycin Dexamethasone Eye Drops 5ml [as reflected in the secondary packaging],FDA Advisory No. 2021-0192,2021-02-09
EASHU Clarithromycin Tablets 0.125g,FDA Advisory No. 2021-0193,2021-02-09
Metoclopramide Tablets 5mg,FDA Advisory No. 2021-0193,2021-02-09
OTC Nodse Chuanbei Qingfei Tangjiang,FDA Advisory No. 2021-0193,2021-02-09
OTC Shiduqing Pian,FDA Advisory No. 2021-0193,2021-02-09
OTC [Label in Foreign Language],FDA Advisory No. 2021-0193,2021-02-09
Dr. He®,FDA Advisory No. 2021-0194,2021-02-09
Dr. He® Calamine Lotion,FDA Advisory No. 2021-0194,2021-02-09
Iodophor Disinfectant 100ml,FDA Advisory No. 2021-0194,2021-02-09
"Menhol, Borneol [as reflected in the package insert]",FDA Advisory No. 2021-0194,2021-02-09
OTC W®,FDA Advisory No. 2021-0194,2021-02-09
Cefradine Capsules 12’s,FDA Advisory No. 2021-0195,2021-02-09
OTC Famotidine Capsules,FDA Advisory No. 2021-0195,2021-02-09
OTC Pudilan Xiaoyan Pian,FDA Advisory No. 2021-0195,2021-02-09
OTC Yatong Yaoshui,FDA Advisory No. 2021-0195,2021-02-09
Zjiachmei® Fuke Honghua 260ml,FDA Advisory No. 2021-0195,2021-02-09
BS® Potassium Sodium Pehydroandroandrographolide Succinate for Injection 200mg,FDA Advisory No. 2021-0196,2021-02-09
Dongyao® Tinidazole Tablets 0.5g,FDA Advisory No. 2021-0196,2021-02-09
Fuyan Kangfu Pian [as reflected in the package insert],FDA Advisory No. 2021-0196,2021-02-09
Lian Yao® Dexamethasone Sodium Phosphate Injection 1ml:5mg,FDA Advisory No. 2021-0196,2021-02-09
Tobramycin Eye Drops 5ml,FDA Advisory No. 2021-0196,2021-02-09
Fuyankang Pian,FDA Advisory No. 2021-0197,2021-02-09
Lansoprazole Enteric-coated Tablets,FDA Advisory No. 2021-0197,2021-02-09
OTC Az® D-Cal® Calcium Supplement With Vitamin D Chewable Tablets 60’s,FDA Advisory No. 2021-0197,2021-02-09
OTC Sodium Cromoglicate Eye Drops,FDA Advisory No. 2021-0197,2021-02-09
Rengongniuhuangjiaxiaozuojiaonang,FDA Advisory No. 2021-0197,2021-02-09
Fp® Glucose Powder,FDA Advisory No. 2021-0198,2021-02-09
HUAN QIU® Sodium Lactate Ringer’s Injection,FDA Advisory No. 2021-0198,2021-02-09
LAIYINER® Probiotic Powder 500 CFU 150g,FDA Advisory No. 2021-0198,2021-02-09
OTC B® C,FDA Advisory No. 2021-0198,2021-02-09
OTC Yansuanyibingqinpian Tablets 10mg,FDA Advisory No. 2021-0198,2021-02-09
Cefotaxime Sodium for Injection 1.0g,FDA Advisory No. 2021-0199,2021-02-09
Cherish® Chlorphenamine Maleate Injection 1ml:10mg,FDA Advisory No. 2021-0199,2021-02-09
OTC Wushicha Keli Sachets 20’s,FDA Advisory No. 2021-0199,2021-02-09
Shyndec® Enalapril Maleate Tablets 10mg,FDA Advisory No. 2021-0199,2021-02-09
Yatai® Ciprofloxacin Hydrochloride Tablets 0.25g,FDA Advisory No. 2021-0199,2021-02-09
Ha Kang® Shading’ Anchun Xiruqi Wuji,FDA Advisory No. 2021-0200,2021-02-09
OTC G® Maxing Zhike Tang Jiang,FDA Advisory No. 2021-0200,2021-02-09
OTC Huo Xiang Zheng Qi Pian,FDA Advisory No. 2021-0200,2021-02-09
OTC South Ocean Yansuan Tebinaifen Penwuji,FDA Advisory No. 2021-0200,2021-02-09
Song Xia® An Tai Wan 6g,FDA Advisory No. 2021-0200,2021-02-09
Changyuan® Shujin Huoxue Pian [as reflected in the package insert],FDA Advisory No. 2021-0211,2021-02-09
OTC Echeng® Fuke’ an Pian [as reflected in the secondary packaging],FDA Advisory No. 2021-0211,2021-02-09
OTC Overseas,FDA Advisory No. 2021-0211,2021-02-09
OTC Yamju® Salicylic Acid and Phenol Plaster [as reflected in the secondary packaging],FDA Advisory No. 2021-0211,2021-02-09
Riyuan Simvastatin Tablets 10mg,FDA Advisory No. 2021-0211,2021-02-09
JINHUI Xianrong Zhuangyang Koufuye [as reflected in the package insert],FDA Advisory No. 2021-0224,2021-02-10
OTC Yinqiao Jiedu Keli Sachets 10’s [as reflected in the package insert],FDA Advisory No. 2021-0224,2021-02-10
Pulen® Compound Ketoconazole Lotion for Scalp Disorders,FDA Advisory No. 2021-0224,2021-02-10
Pule’ an Pian [as reflected in the package insert],FDA Advisory No. 2021-0224,2021-02-10
OTC Compound Dexamethasone Acetate Gel,FDA Advisory No. 2021-0267,2021-02-23
OTC Ibuprofen Tablets,FDA Advisory No. 2021-0267,2021-02-23
OTC Pudilan Xiaoyan Pian [as reflected in the package insert],FDA Advisory No. 2021-0267,2021-02-23
OTC Qing Huo Pian,FDA Advisory No. 2021-0267,2021-02-23
Yunnan Baiyao,FDA Advisory No. 2021-0267,2021-02-23
OTC Ambroxol Hydrochloride Tablets – Yansuan Anxiusuo Pian [as reflected in the package insert],FDA Advisory No. 2021-0361,2021-03-05
OTC Dieda Wanhua You,FDA Advisory No. 2021-0361,2021-03-05
OTC Sulfur Ointment – Liu Ruangao [as reflected in the package insert],FDA Advisory No. 2021-0361,2021-03-05
White Bottle – [Label in foreign Language],FDA Advisory No. 2021-0361,2021-03-05
BYS®Amoxicillin and Clavulanate Potassium Tablets 0.457g,FDA Advisory No. 2021-0362,2021-03-05
Clarithromycin Tablets 0.25g,FDA Advisory No. 2021-0362,2021-03-05
Levofloxacin Hydrochloride Tablets 0.2g,FDA Advisory No. 2021-0362,2021-03-05
OTC Clotrimazole Vaginal Tablets – Kemeizuo Yindaopian,FDA Advisory No. 2021-0362,2021-03-05
OTC TAIJI Huoxiang Zhenqi Jiaonang,FDA Advisory No. 2021-0362,2021-03-05
Amoxicillin Capsules 0.5g,FDA Advisory No. 2021-0363,2021-03-05
Azithromycin Tablets 0.25g,FDA Advisory No. 2021-0363,2021-03-05
Cefixime Tablets 100mg,FDA Advisory No. 2021-0363,2021-03-05
OTC Keteling Jiaonang,FDA Advisory No. 2021-0363,2021-03-05
OTC Ranitidine Hydrochloride Capsules,FDA Advisory No. 2021-0363,2021-03-05
AWP Aviso Wellness Protocol Blood Conditioning #3,FDA Advisory No. 2021-0364,2021-03-05
AWP Aviso Wellness Protocol Blood Conditioning #3 500 mL,FDA Advisory No. 2021-0364,2021-03-05
AWP Aviso Wellness Protocol Blood Conditioning #4 500 mL,FDA Advisory No. 2021-0364,2021-03-05
Dragon Balm® Vapor Inhaler 125 mg,FDA Advisory No. 2021-0366,2021-03-05
Natural Green Leaf 2 Ways Inhaler (Inhale And Apply),FDA Advisory No. 2021-0366,2021-03-05
METHYSALICYLATE+MENTHOL+CAMPHOR (BONG GALON ISLAND OIL) LINIMENT,FDA Advisory No. 2021-0367,2021-03-05
Bio-Cure Kasoy Oil 30mL,FDA Advisory No. 2021-0368,2021-03-05
AWP Aviso Wellness Protocol Blood Conditioning #1 500 mL,FDA Advisory No. 2021-0369,2021-03-05
AWP Aviso Wellness Protocol Brain Activator,FDA Advisory No. 2021-0369,2021-03-05
AWP Aviso Wellness Protocol Essential Oil,FDA Advisory No. 2021-0369,2021-03-05
AWP Aviso Wellness Protocol Proven Multi Purpose Spray,FDA Advisory No. 2021-0369,2021-03-05
Haizhuchuanxidingpian 24’s,FDA Advisory No. 2021-0435,2021-03-11
Liuganwan,FDA Advisory No. 2021-0435,2021-03-11
Metamizole Sodium Injection 2ml:0.5g,FDA Advisory No. 2021-0435,2021-03-11
OTC Leading Huashe Jieyang Pian Solution Itch,FDA Advisory No. 2021-0435,2021-03-11
Qingfeng® Mecobalamin Tablets 0.5mg,FDA Advisory No. 2021-0435,2021-03-11
Amikacin Sulfate Injection 2ml:0.2g,FDA Advisory No. 2021-0436,2021-03-12
Amoxicillin Capsules- Amoxicillin Jiaonang 0.25g [as refected in the package insert],FDA Advisory No. 2021-0436,2021-03-12
Ebastine Tablets 10’s,FDA Advisory No. 2021-0436,2021-03-12
Jingpai® Cefixime Dispersible Tablets 100mg,FDA Advisory No. 2021-0436,2021-03-12
PIDI® Colchicine Tablets 0.5mg,FDA Advisory No. 2021-0436,2021-03-12
Ajanta Sildenafil Oral Jelly (Kamagra) 100 mg 7×5 Grams,FDA Advisory No. 2021-0437,2021-03-12
Aminopyrine And Caffeine- Anjibilin Kafeiyin Pian Tablets 24’s,FDA Advisory No. 2021-0437,2021-03-12
Fufang Anlin Babituo Zhusheye 2ml,FDA Advisory No. 2021-0437,2021-03-12
OTC Compound Paracetamol and Amantadine Hydrochloride Fufang An Fen Wan’ An Jiaonang 12 Capsules,FDA Advisory No. 2021-0437,2021-03-12
OTC Huangshi Xi Angshengwan,FDA Advisory No. 2021-0437,2021-03-12
CHERISH Chlorphenamine Maleate Injection 1ml:10mg,FDA Advisory No. 2021-0438,2021-03-12
Clindamycin Hydrochloride Capsule – Yansuan Kelinmeisu Jiaonang [as reflected in the package insert],FDA Advisory No. 2021-0438,2021-03-12
Norfloxacin Capsules 0.1g 24’s [as reflected in the primary packaging],FDA Advisory No. 2021-0438,2021-03-12
Phenoxymethylpenicillin Potassium Tablets 12’s,FDA Advisory No. 2021-0438,2021-03-12
Phenoxymethylpenicillin Potassium Tablets 24’s,FDA Advisory No. 2021-0438,2021-03-12
Ceftriaxone Sodium For Injection 1.0g,FDA Advisory No. 2021-0439,2021-03-12
Jidesheng Sheyao Pian [as reflected in the package insert],FDA Advisory No. 2021-0439,2021-03-12
Naolingsu Pian,FDA Advisory No. 2021-0439,2021-03-12
OTC Pudilan Xiaoyan Pian 48’s,FDA Advisory No. 2021-0439,2021-03-12
OTC Yanyan Pian [as reflected in the package insert],FDA Advisory No. 2021-0439,2021-03-12
KL Amoxicillin Capsules 0.25g – Kelundayaochang® Amoxicillin Capsules 0.25g,FDA Advisory No. 2021-0440,2021-03-12
OTC Baoji Wan,FDA Advisory No. 2021-0440,2021-03-12
OTC Bei® Kangbingdukoufuye,FDA Advisory No. 2021-0440,2021-03-12
OTC Tongqiaobiyanpian,FDA Advisory No. 2021-0440,2021-03-12
Runing Pian 0.33g,FDA Advisory No. 2021-0440,2021-03-12
Cimetidine Injection 2ml,FDA Advisory No. 2021-0441,2021-03-12
Nodse Kanggu Zengsheng Pian,FDA Advisory No. 2021-0441,2021-03-12
OTC Ma Xing Zhi Ke Pian,FDA Advisory No. 2021-0441,2021-03-12
OTC Shenling Baizhu San (as reflected in the package insert),FDA Advisory No. 2021-0441,2021-03-12
Diammonium Glycyrrhizinate Injection 10ml:50mg,FDA Advisory No. 2021-0442,2021-03-12
OTC Huoxiangqing Weijiaonang,FDA Advisory No. 2021-0442,2021-03-12
Ornidazole Tablets-Aoxiaozuo Pian 12’s x 0.25g [as reflected in the package insert],FDA Advisory No. 2021-0442,2021-03-12
Tetracycline Tablets 0.125g,FDA Advisory No. 2021-0442,2021-03-12
Yansuan Anxiusuo Fensanpian 30mg,FDA Advisory No. 2021-0442,2021-03-12
Liusuan Qingdameisu Keli,FDA Advisory No. 2021-0443,2021-03-12
OTC Beifangjingkai Jie Yuan Shen Keli,FDA Advisory No. 2021-0443,2021-03-12
OTC Long Dan Xie Gan Pian,FDA Advisory No. 2021-0443,2021-03-12
Simple Moxibustion,FDA Advisory No. 2021-0443,2021-03-12
Cefalexin Capsules 0.125g,FDA Advisory No. 2021-0444,2021-03-12
OTC Qinghuo Zhimai Pian,FDA Advisory No. 2021-0444,2021-03-12
OTC Shi Quan Da Bu Wan,FDA Advisory No. 2021-0444,2021-03-12
Procalterol Hydrochloride Tablets 25μg,FDA Advisory No. 2021-0444,2021-03-12
Transfer Factor Capsules,FDA Advisory No. 2021-0444,2021-03-12
Bai Hua Ding Chuan Pian,FDA Advisory No. 2021-0445,2021-03-12
Cefminox Sodium for Injection 1.0g,FDA Advisory No. 2021-0445,2021-03-12
OTC Loratadine Tablet 10mg,FDA Advisory No. 2021-0445,2021-03-12
OTC Yingrun® Sodium Cromoglicate Eye Drops,FDA Advisory No. 2021-0445,2021-03-12
TL® Allopurinol Tablets 0.1g,FDA Advisory No. 2021-0445,2021-03-12
Kangbingdu Jiaonang 28’s,FDA Advisory No. 2021-0446,2021-03-12
Levofloxacin Hydrochloride Tablets 0.1g,FDA Advisory No. 2021-0446,2021-03-12
Ofloxacin Cream 10g,FDA Advisory No. 2021-0446,2021-03-12
Suxiao Zhixie Jiaonang 0.3g,FDA Advisory No. 2021-0446,2021-03-12
Youcare Ceftriaxone Sodium for Injection 1.0g,FDA Advisory No. 2021-0446,2021-03-12
Dong Yao Clindamycin Phosphate Injection 2ml: 0.3g,FDA Advisory No. 2021-0447,2021-03-12
HASEN Sterile Water for Injection 5ml,FDA Advisory No. 2021-0447,2021-03-12
OTC Bai Xuan Xia Ta Re Pian 33’s,FDA Advisory No. 2021-0447,2021-03-12
OTC Xue Li Gao,FDA Advisory No. 2021-0447,2021-03-12
Ambroxol Hydrochloride Injection 2ml:15mg,FDA Advisory No. 2021-0448,2021-03-12
Dohongying Raceanisodamine Hydrochloride Injection 1ml:10mg,FDA Advisory No. 2021-0448,2021-03-12
Doxofylline Tablets-Duosuochajian Pian 0.2g [as reflected in the package insert],FDA Advisory No. 2021-0448,2021-03-12
OTC Ibuprofen Sustained –Released Capsules,FDA Advisory No. 2021-0448,2021-03-12
Shadukang-Rugao 15g,FDA Advisory No. 2021-0448,2021-03-12
"Bangerjie ß-Vaginal Stuffing Agent 1 Syringe X 0.18mg/ml, 3g",FDA Advisory No. 2021-0449,2021-03-12
Chunchi Qingwei Wan 4.5g Sachet,FDA Advisory No. 2021-0449,2021-03-12
OTC Chuan Bei Zhi Ke Lu,FDA Advisory No. 2021-0449,2021-03-12
OTC Tian Ci Tang® Xunmazhen Wan 6’s,FDA Advisory No. 2021-0449,2021-03-12
Sine® Nitroglycerin Tablets 36’s,FDA Advisory No. 2021-0449,2021-03-12
Dau Cu La Thien Thao Truong Son Balm Phong Thap Chi Thong Cao 10g,FDA Advisory No. 2021-0486,2021-03-18
Povidine Iodine 10% Solution 7.5mL,FDA Advisory No. 2021-0486,2021-03-18
Chen Xuefu Zhuyu Keli 6g [as reflected in the package insert],FDA Advisory No. 2021-0487,2021-03-18
Liushen Wan,FDA Advisory No. 2021-0487,2021-03-18
OTC Dongling Cao Pian,FDA Advisory No. 2021-0487,2021-03-18
Shujin Huoxue Pian 0.3g,FDA Advisory No. 2021-0487,2021-03-18
Tiandi® Dexamethasone Sodium Phosphate Injection 1ml:5mg,FDA Advisory No. 2021-0487,2021-03-18
Amoxicillin Capsules 0.25g,FDA Advisory No. 2021-0488,2021-03-18
Cisen Gentamicin Sulfate Injection 2ml:80mg,FDA Advisory No. 2021-0488,2021-03-18
Dingxi Yatong Jiaonang 100’s [as reflected in the secondary packaging],FDA Advisory No. 2021-0488,2021-03-18
Feining Pian 32 Tablets,FDA Advisory No. 2021-0488,2021-03-18
Yankening Pian,FDA Advisory No. 2021-0488,2021-03-18
Aminophylline Injection 2ml:0.25g,FDA Advisory No. 2021-0489,2021-03-18
Baihekang Brand Aloe Vera Softgel 5g (500mg),FDA Advisory No. 2021-0489,2021-03-18
OTC Pudilan Xiaoyan Pian 36’s,FDA Advisory No. 2021-0489,2021-03-18
OTC Shuyao Ling Yang Ganmaopian,FDA Advisory No. 2021-0489,2021-03-18
Zhuifeng Shujing Huoxue Pian,FDA Advisory No. 2021-0489,2021-03-18
DEZHONG® Yangxue Shengfa Jiaonang 0.5g [as reflected in the package insert],FDA Advisory No. 2021-0490,2021-03-18
OTC H20003790 60 Tablets [Label in Foreign Language],FDA Advisory No. 2021-0490,2021-03-18
Sinopharm Midecamycin Tablets,FDA Advisory No. 2021-0490,2021-03-18
Vitamin D2 and Calcium Colloid Injection 10 Ampoules,FDA Advisory No. 2021-0490,2021-03-18
[Label in Foreign Language] 0.2g Light Brown Round Compressed Tablet Contained in a White Plastic Bottle,FDA Advisory No. 2021-0490,2021-03-18
Levofloxacin Hydrochloride Eye Drops-Yansuan Zuoyangfushaxing Diyanye 5ml:15mg [as reflected in the package insert],FDA Advisory No. 2021-0491,2021-03-18
Nimodipine Tablets,FDA Advisory No. 2021-0491,2021-03-18
Tianjiang® [Label in Foreign Language],FDA Advisory No. 2021-0491,2021-03-18
[Label in Foreign Language] Orange Pink (head) and Clear (body) Hard Gelatin Capsule Packed in ALU/PVC Blister pack,FDA Advisory No. 2021-0491,2021-03-18
OTC BAUSCH + LOMB Compound Chondroitin Sulfate Eye Drops – Fufang Liusuan Ruangusu Diyanye [as reflected in the package insert],FDA Advisory No. 2021-0670,2021-04-13
OTC CONBA Changyanning Pian [as reflected in the package insert],FDA Advisory No. 2021-0670,2021-04-13
OTC Guilin Watermelon Frost,FDA Advisory No. 2021-0670,2021-04-13
OTC JZJT Jianwei Xiaoshi Pian Tablet [as reflected in the package insert],FDA Advisory No. 2021-0670,2021-04-13
Bing Peng San 0.6g [as reflected in the package insert],FDA Advisory No. 2021-0671,2021-04-13
Cetirizine Hydrochloride Tablets 10mg [In Foreign Language],FDA Advisory No. 2021-0671,2021-04-13
Golden Sun Cefixime Capsules 0.1g,FDA Advisory No. 2021-0671,2021-04-13
Miaobangbitongling Bi Tong Ling Cao Ben Yi Jun Ye 20ml,FDA Advisory No. 2021-0671,2021-04-13
OTC Bayer Bifonazole Cream (Mycospor®) 10g,FDA Advisory No. 2021-0671,2021-04-13
OTC Compound Paracetamol and Amantadine Hydrochloride Capsules-Buluofen Huanshi Jiaonang [as reflected in the package insert],FDA Advisory No. 2021-0672,2021-04-13
OTC Niuhuang Shangqing Pian 48’s,FDA Advisory No. 2021-0672,2021-04-13
OTC OVERSEAS Ibuprofen Sustained Release Capsules[as reflected in the package insert],FDA Advisory No. 2021-0672,2021-04-13
OTC Xin Xing® Domperidone Tablets,FDA Advisory No. 2021-0672,2021-04-13
"OTC BAUSCH + LOMB Naphazoline Hydrochloride, Chlorphenamine Maleate and Vitamin B12 Eye Drops Naiminwei Diyanye [as reflected in the package insert]",FDA Advisory No. 2021-0673,2021-04-13
OTC Miconazole Nitrate Cream – Xiaosuan Mikangzuo Rugao [as reflected in the package insert],FDA Advisory No. 2021-0673,2021-04-13
YOUCARE Omeprazole Enteric Capsules 20 mg,FDA Advisory No. 2021-0673,2021-04-13
CSPC® Dexamethasone Sodium Phosphate Injection 1ml:5mg,FDA Advisory No. 2021-0674,2021-04-13
Cimetidine Injection 2ml:0.2g [In Foreign Language],FDA Advisory No. 2021-0674,2021-04-13
FBL® FB+EILE,FDA Advisory No. 2021-0674,2021-04-13
H46020470 [Label in Foreign Language],FDA Advisory No. 2021-0674,2021-04-13
OTC Pugongying Keli [as reflected in the package insert],FDA Advisory No. 2021-0674,2021-04-13
Amikacin Sulfate Injection 2ml:0.2g [In Foreign Language],FDA Advisory No. 2021-0675,2021-04-13
An Tai Wan,FDA Advisory No. 2021-0675,2021-04-13
Azithromycin Dispersible Tablets 0.25g [In Foreign Language],FDA Advisory No. 2021-0675,2021-04-13
OTC Ambroxol Hydrochloride Oral Solution – Yansuan Anxiusuo Koufurongye 10ml:30mg [as reflected in the package insert],FDA Advisory No. 2021-0675,2021-04-13
Ping Xiang is Healthy® Shexiangjingutong Bacteriostatic Sprays,FDA Advisory No. 2021-0675,2021-04-13
Fufang Anlin Babituo Zhusheye 2ml,FDA Advisory No. 2021-0676,2021-04-13
Furosemide Injection 2ml:20mg [In Foreign Language],FDA Advisory No. 2021-0676,2021-04-13
Gentamicin Sulfate Injection 2ml:80mg [In Foreign Language],FDA Advisory No. 2021-0676,2021-04-13
OTC Fufang Jinyinhua Keli,FDA Advisory No. 2021-0676,2021-04-13
OTC Z20093401 [Label in Foreign Language],FDA Advisory No. 2021-0676,2021-04-13
OTC Qiangli Pipalu,FDA Advisory No. 2021-0677,2021-04-13
OTC Qing Huo Pian,FDA Advisory No. 2021-0677,2021-04-13
Ping Xiang is Healthy® Plant Bacteriostatic Ointment 20g,FDA Advisory No. 2021-0677,2021-04-13
Potassium Chloride Injection 10ml:1g [In Foreign Language],FDA Advisory No. 2021-0677,2021-04-13
Qian Lie Kang Shu Jiao Nang,FDA Advisory No. 2021-0677,2021-04-13
Extra Mentholated NH Rub Herbal with Negative Ion 15g,FDA Advisory No. 2021-0698,2021-04-13
OTC Taiji® Huoxiang Zheng Qi Kou Fu Ye,FDA Advisory No. 2021-0714,2021-04-16
OTC XINXIU® Compound Paracetamol and Amantadine Hydrochloride Tablets – Fufang Anfenwan’an Pian,FDA Advisory No. 2021-0714,2021-04-16
TAIJI® Fufang Huangliansu Pian,FDA Advisory No. 2021-0714,2021-04-16
OTC Ganmao Ling Keli [as reflected in the package insert],FDA Advisory No. 2021-0715,2021-04-16
OTC Qinghou Liyan Keli [as reflected in the package insert],FDA Advisory No. 2021-0715,2021-04-16
OTC Shiquan Dabu Wan [as reflected in the package insert],FDA Advisory No. 2021-0715,2021-04-16
OTC Weikangling Jiaonang,FDA Advisory No. 2021-0715,2021-04-16
Rengongniuhuangjiaxiaozuo Jiaonang,FDA Advisory No. 2021-0715,2021-04-16
CSPC® Amoxicillin Capsules 0.25g [In Foreign Language],FDA Advisory No. 2021-0716,2021-04-16
Cefradine Capsules 0.25g [In Foreign Language],FDA Advisory No. 2021-0716,2021-04-16
OTC 999® Compound Dexamethasone Acetate Cream – Fufang Cusuandisaimisong Rugao [as reflected in the package insert],FDA Advisory No. 2021-0716,2021-04-16
OTC 999® Ganmaoling Keli [as reflected in the package insert],FDA Advisory No. 2021-0716,2021-04-16
OTC Am Ya Feng® Quike Compound Paracetamol and Amantadine Hydrochloride Capsules,FDA Advisory No. 2021-0716,2021-04-16
Niuhuang Jiedu Pian,FDA Advisory No. 2021-0717,2021-04-16
OTC Fishing Pill IV Belladona Creosote – Hewei Zhengchang Wan,FDA Advisory No. 2021-0717,2021-04-16
OTC NANCHANG® Keteling Jiaonang,FDA Advisory No. 2021-0717,2021-04-16
OTC Nin Jiom Pei Pa Koa 150 ml (Label in Chinese Characters),FDA Advisory No. 2021-0717,2021-04-16
OTC Nongsuowan Liuwei Dihuangwan,FDA Advisory No. 2021-0717,2021-04-16
ANTINE® Diclofenac Sodium Sustained Release Capsules 50 mg [In Foreign Language],FDA Advisory No. 2021-0718,2021-04-16
OTC Changyanning Jiaonang [as reflected in the package insert],FDA Advisory No. 2021-0718,2021-04-16
OTC Clotrimazole Cream 10g [In Foreign Language],FDA Advisory No. 2021-0718,2021-04-16
OTC SOIN® Domperidone Tablets [In Foreign Language],FDA Advisory No. 2021-0718,2021-04-16
OTC Zuoquenuoyuntong Pian,FDA Advisory No. 2021-0718,2021-04-16
Vino Apostolado (12 Medicinal Mint Herbs) 120mL,FDA Advisory No. 2021-0719-A,2021-04-16
Ganshanhu® Q/JCSH001 3.0%,FDA Advisory No. 2021-0720,2021-04-16
OTC Fuke Qianjin Pian [as reflected in the package insert],FDA Advisory No. 2021-0720,2021-04-16
Yabang Group Carbazochrome Tablets 2.5mg,FDA Advisory No. 2021-0720,2021-04-16
Dongyao® Etamsylate Injection 2ml:0.5g,FDA Advisory No. 2021-0721,2021-04-16
Jucishan® Dexamethasone Sodium Phosphate Injection 1ml:5mg,FDA Advisory No. 2021-0721,2021-04-16
Jucishan® Ofloxacin Ear Drops 5ml:15mg,FDA Advisory No. 2021-0721,2021-04-16
Levofloxacin Hydrochloride and Sodium Chloride Injection 100ml:0.2g:0.9g,FDA Advisory No. 2021-0721,2021-04-16
Tasly® Compound Danshen Dripping Pills,FDA Advisory No. 2021-0721,2021-04-16
L.A Salicylic Acid 3% Solution 25mL,FDA Advisory No. 2021-0722,2021-04-16
Lianhua Qingwen Jiaonang with Chinese Characters,FDA Advisory No. 2021-0723,2021-04-16
Arefielo Botanical Essense with Turmeric and Clove Oil 60mL,FDA Advisory No. 2021-0729,2021-04-20
Flunarizine Hydrochloride Capsules Yansuan Fuguiliqin Jiaonang[as reflected in the package insert],FDA Advisory No. 2021-0762,2021-04-21
OTC H35021225 [Label in Foreign Language],FDA Advisory No. 2021-0762,2021-04-21
OTC Sanjin Pian [as reflected in the package insert],FDA Advisory No. 2021-0762,2021-04-21
Sodium Chloride Injection 0.9% 100ml:0. [Label in Foreign Language],FDA Advisory No. 2021-0762,2021-04-21
[Label in Foreign Language] 380Ml,FDA Advisory No. 2021-0762,2021-04-21
Kelundayaochang® Glucose Injection 5% 100ml:5g,FDA Advisory No. 2021-0763,2021-04-21
Kelundayaochang® Glucose and Sodium Chloride Injection 250ml:12.5g:2.25g,FDA Advisory No. 2021-0763,2021-04-21
OTC Jieeryinxiye 160mL,FDA Advisory No. 2021-0763,2021-04-21
Sodium Chloride Injection 0.9% 250ml:2.25g [Label in Foreign Language],FDA Advisory No. 2021-0763,2021-04-21
Vitamin C Injection 2ml:0.5g [Label in Foreign Language],FDA Advisory No. 2021-0763,2021-04-21
OTC Fenbid Paracetamol and Caffeine Tablets,FDA Advisory No. 2021-0781,2021-04-27
Clarithromycin Tablets 0.25g [Label in foreign language],FDA Advisory No. 2021-0858,2021-05-05
Plant Capsule [Label in foreign language],FDA Advisory No. 2021-0858,2021-05-05
[Label in foreign language],FDA Advisory No. 2021-0858,2021-05-05
OTC Xiaochaihu Granule,FDA Advisory No. 2021-0859,2021-05-05
OTC YULIN® Zheng Gu Shui,FDA Advisory No. 2021-0859,2021-05-05
OTC Yanyan Pian,FDA Advisory No. 2021-0859,2021-05-05
SPH Ding Lu Brand®Xinhuang Pian,FDA Advisory No. 2021-0859,2021-05-05
ZEUS Xiaoyan Zhike Pian,FDA Advisory No. 2021-0859,2021-05-05
New Quick Rheumatism Capsule Tiger Wang Biaod 20 caps,FDA Advisory No. 2021-0860,2021-05-05
OTC Qingkailing Koufuye,FDA Advisory No. 2021-0860,2021-05-05
OTC SOIN Ranal® Ranitidine Hydrochloride Capsules 0.15g 20’s,FDA Advisory No. 2021-0860,2021-05-05
Progesterone Soft Capsules 0.1g [Label in Foreign Language],FDA Advisory No. 2021-0860,2021-05-05
Furongtang Niuhuang Jiedu Pian 0.25g,FDA Advisory No. 2021-0861,2021-05-05
NOXA 20 20mg,FDA Advisory No. 2021-0861,2021-05-05
OTC Nin Jiom Pei Pa Koa 150 mL [Label in Foreign Language],FDA Advisory No. 2021-0861,2021-05-05
Ofloxacin Ear Drops [as reflected in primary packaging],FDA Advisory No. 2021-0861,2021-05-05
Penyanjing Jiaonang,FDA Advisory No. 2021-0861,2021-05-05
Azithromycin Tablets 0.25g [Label in Foreign Language],FDA Advisory No. 2021-0862,2021-05-05
Bayaspirin® Bayer Aspirin Enteric coated Tablets 100 mg,FDA Advisory No. 2021-0862,2021-05-05
Clear Nasal Bisutong 20g,FDA Advisory No. 2021-0862,2021-05-05
HPGC Belladonna Sulfamethoxazole and Trimerhoprim Tablets Dianqie Huangbianding Pian [as reflected in the package insert],FDA Advisory No. 2021-0862,2021-05-05
OTC Baofukang Shuan,FDA Advisory No. 2021-0862,2021-05-05
CFX Cefixime Capsules-Toubaokewo Jiaonang 50 mg,FDA Advisory No. 2021-0863,2021-05-05
OTC CISEN® Chlortetracycline Hydrochloride Eye Ointment – Yansuan Jinmeisu Yangao 0.5% [as reflected in package insert],FDA Advisory No. 2021-0863,2021-05-05
OTC Chang Wei Ning Pian,FDA Advisory No. 2021-0863,2021-05-05
OTC Chitong Xiaoyanling Keli,FDA Advisory No. 2021-0863,2021-05-05
Clarithromycin Capsules 0.125g [Label in Foreign Language],FDA Advisory No. 2021-0864,2021-05-05
Compound Diclofenac Sodium and Chlorphenamine Maleate Tablets [Label in Foreign Language],FDA Advisory No. 2021-0864,2021-05-05
Jianshen Shengfa Wan [as reflected in the package insert],FDA Advisory No. 2021-0864,2021-05-05
OTC Keke Jiaonang [as reflected in the package insert],FDA Advisory No. 2021-0864,2021-05-05
OTC Sanhuang Pian,FDA Advisory No. 2021-0864,2021-05-05
A Tretinoin Cream 0.025% 15 g,FDA Advisory No. 2021-0865,2021-05-05
OTC B1 H42020611 [Label in Foreign Language],FDA Advisory No. 2021-0865,2021-05-05
OTC Tian Ma Su Pian,FDA Advisory No. 2021-0865,2021-05-05
Terfenadine Tablets 60 mg [Label in Foreign Language],FDA Advisory No. 2021-0865,2021-05-05
Tongren Niuhuang Qingxin Wan,FDA Advisory No. 2021-0865,2021-05-05
Diclofenac Sodium Enteric- coated Tablets – Shuanglufensuanna Changrongpian 25mg [as reflected in the package insert],FDA Advisory No. 2021-0866,2021-05-05
Levofloxacin Hydrochloride Tablets 1.0g [Label in Foreign Language],FDA Advisory No. 2021-0866,2021-05-05
OTC Ainaxiang® Yanlishuang Kouhan Diwan [as reflected in the package insert],FDA Advisory No. 2021-0866,2021-05-05
OTC Fuke Qianjian Pian [as reflected in the package insert],FDA Advisory No. 2021-0866,2021-05-05
Zhisoulixiao Wan,FDA Advisory No. 2021-0866,2021-05-05
Ma Pak Leung® Bat Po Keng Foong Powder,FDA Advisory No. 2021-0867,2021-05-05
OTC Liuwei Dihuang Wan[as reflected in the package insert],FDA Advisory No. 2021-0867,2021-05-05
OTC Zhenzhu Mingmu Diyanye 8ml [as reflected in the package insert],FDA Advisory No. 2021-0867,2021-05-05
Ya-Hom Powder Five Pagodas Brand (Medicine) 9 gm.,FDA Advisory No. 2021-0867,2021-05-05
Galculus Bovis and Metronidazole Capsules,FDA Advisory No. 2021-0868,2021-05-05
Nodse Fufang Huangliansu Pian,FDA Advisory No. 2021-0868,2021-05-05
OTC HOMESUN Paracetamol Tablets 12’s,FDA Advisory No. 2021-0868,2021-05-05
Fast-Act Rheuma Capsule 24’s,FDA Advisory No. 2021-0869,2021-05-05
Fortune Extra Coltalin-GP®,FDA Advisory No. 2021-0869,2021-05-05
OTC HPGC Fu Fang An Fen Wan An Pian,FDA Advisory No. 2021-0869,2021-05-05
OTC Zuguang San,FDA Advisory No. 2021-0869,2021-05-05
CSPC® Amoxicillin Capsules 0.25g [Label in Foreign Langauge],FDA Advisory No. 2021-0870,2021-05-05
Compound Reserpine and Triamterene Tablets-Fufang Lixuepin Anbendieding Pian 12.5mg Tablet [as reflected in the package insert],FDA Advisory No. 2021-0870,2021-05-05
OTC Dextromethorphan Hydrobromide Tablets –Qingxiusuan Youmei Shafen Pian [as reflected in the package insert],FDA Advisory No. 2021-0870,2021-05-05
OTC HWELLS Cyclodine Buccal Tablets,FDA Advisory No. 2021-0870,2021-05-05
OTC Yu Chuon Compound Vitamin B Tablets,FDA Advisory No. 2021-0870,2021-05-05
Huatan Pingchuan Pian,FDA Advisory No. 2021-0871,2021-05-05
Ibuprofen 200 mg [Label in Foreign Language],FDA Advisory No. 2021-0871,2021-05-05
OTC Jiangxi Minji Huoxiang Zhengqi Heji,FDA Advisory No. 2021-0871,2021-05-05
OTC Jingzhi Yinqiao Jiedu Pian,FDA Advisory No. 2021-0871,2021-05-05
Golden Sun Metronidazole Tablets 0.2g,FDA Advisory No. 2021-0872,2021-05-05
HPGC Luo Hong Mei Su Fen San Pian 75 mg,FDA Advisory No. 2021-0872,2021-05-05
Hong Pin New The Special Spirit of Magical Skin 10g,FDA Advisory No. 2021-0872,2021-05-05
Muhi Mopidick®-S Lotion 50mL,FDA Advisory No. 2021-0872,2021-05-05
OTIGH Luo Han Guo Cha,FDA Advisory No. 2021-0872,2021-05-05
OTC Shidi Shui 5ml,FDA Advisory No. 2021-0873,2021-05-05
OTC Shiquan Dabu Wan,FDA Advisory No. 2021-0873,2021-05-05
OTC Xia-Ma-Wei Salicylic Acid and Phenol Plaster,FDA Advisory No. 2021-0873,2021-05-05
Stomachin® Chang Kuo Chou Strong Stomachic Powder 60g,FDA Advisory No. 2021-0873,2021-05-05
Yatai® Yalixi Roxithromycin Capsules 0.15g,FDA Advisory No. 2021-0873,2021-05-05
HWJ Kingstom Upset Stomach Relief Powder,FDA Advisory No. 2021-0874,2021-05-05
Jinshijian,FDA Advisory No. 2021-0874,2021-05-05
Longhu Rendan,FDA Advisory No. 2021-0874,2021-05-05
OTC Levonorgestrel Tablets-Zuoquenuoyuntong Pian [as reflected in the package insert],FDA Advisory No. 2021-0874,2021-05-05
OTC Long Dan Xie Gan Wan,FDA Advisory No. 2021-0874,2021-05-05
OTC Baozhupai® H14021465 [Label in Foreign Language],FDA Advisory No. 2021-0875,2021-05-05
OTC Sanjin® Z45021645 [Label in Foreign Language],FDA Advisory No. 2021-0875,2021-05-05
Yuluan® Intense Solution “Daiyu” 60cc,FDA Advisory No. 2021-0875,2021-05-05
®Qianzhen Z45020806 [Label in Foreign Language],FDA Advisory No. 2021-0875,2021-05-05
Original Nature’s Gift nG moringa with gotu kola water-based Gel Liniment 60mL,FDA Advisory No. 2021-0876,2021-05-05
Original Nature’s Gift nG panyawan + citronella Oil Liniment 60mL,FDA Advisory No. 2021-0876,2021-05-05
CISEN® Norfloxacin Eye Drops – Nuofushaxing Diyanye 8ml:24mg [as reflected in the package insert],FDA Advisory No. 2021-0877,2021-05-05
OTC Changkang Pian,FDA Advisory No. 2021-0877,2021-05-05
SHYNDEC® Azithromycin Tablets 0.25g [Label in foreign language],FDA Advisory No. 2021-0877,2021-05-05
Cefixime Capsules [Label in Foreign Language],FDA Advisory No. 2021-0886,2021-05-06
Gohnsen Bacteriostatic Nursing Solution 30 ml,FDA Advisory No. 2021-0886,2021-05-06
IPSEN Smecta® Montmorillonite Powder,FDA Advisory No. 2021-0886,2021-05-06
OTC Newomen Wuji Baifeng Wan [as reflected in the package insert],FDA Advisory No. 2021-0886,2021-05-06
Jin Long Detoxicating Capsules [as reflected in the package insert],FDA Advisory No. 2021-0917,2021-06-25
OTC SPH Ding Lu Brand® Wei San Sachets,FDA Advisory No. 2021-0917,2021-06-25
Yu Ren Tang New Fast Act Rheumatism Capsule,FDA Advisory No. 2021-0917,2021-06-25
yatai® Metformin Hydrochloride Tablets 0.25g,FDA Advisory No. 2021-0917,2021-06-25
BICON Fe De An® Dexamethasone Sodium Phosphate Injection 1ml:5mg,FDA Advisory No. 2021-0918,2021-06-25
FORTUNE Non-Drowsy Coltalin-ND® Maximum Strength Cold & Sinus Formula,FDA Advisory No. 2021-0918,2021-06-25
OTC An Ka Huang Min Jiaonang,FDA Advisory No. 2021-0918,2021-06-25
Rupixiao Pian [as reflected in the package insert],FDA Advisory No. 2021-0918,2021-06-25
Zhongsheng Pharma Rifampicin Capsules 0.15g,FDA Advisory No. 2021-0918,2021-06-25
999® Vitamin C Effervescent tab 40g,FDA Advisory No. 2021-0919,2021-06-25
OTC Guo Guang Zhuanggu Shexiang Zhitong Gao,FDA Advisory No. 2021-0919,2021-06-25
Gastrointestinal Pills Trumpet Brand (Seirogan®),FDA Advisory No. 2021-0998,2021-05-21
James Chemist® Anti Rheuma Capsules,FDA Advisory No. 2021-0998,2021-05-21
Genuine Effective Oil 25 mL,FDA Advisory No. 2021-1002,2021-05-21
JMS Aceite De Manzanilla 25 mL,FDA Advisory No. 2021-1002,2021-05-21
JMS Methyl Salicylate + Menthol + Camphor (Superbscent Oil Extra Hot) 25 mL,FDA Advisory No. 2021-1002,2021-05-21
Methyl Salicylate Camphor + Menthol + Herbal (Genuine Hot Herbalcent Oil) 30 mL,FDA Advisory No. 2021-1002,2021-05-21
Supermagsun Herbal Oil 60 mL,FDA Advisory No. 2021-1002,2021-05-21
OTC Keteling Jiaonang [as reflected in the package insert],FDA Advisory No. 2021-1003,2021-05-21
SUPER MINT Ryukaku-San Clara N Granules [as reflected in the package insert],FDA Advisory No. 2021-1003,2021-05-21
Suxiao Jiuxin Wan,FDA Advisory No. 2021-1003,2021-05-21
HIENG HOK® Asthma Cough Powder 2.0 grams,FDA Advisory No. 2021-1004,2021-05-21
OTC Ambroxol Hydrochloride Oral Solution,FDA Advisory No. 2021-1004,2021-05-21
OTC Trumpet Brand Gastrointestinal Pills (Seirogan®) 50 Pills,FDA Advisory No. 2021-1004,2021-05-21
OTC ZNW® Wei C Yinqiao Pian [as reflected in the package insert],FDA Advisory No. 2021-1004,2021-05-21
SANOFI Proctosedyl Witch Hazel Ointment 30g,FDA Advisory No. 2021-1004,2021-05-21
DAWNRAYS Levocetirizine Dihydrochloride 5 mg Tablets 6’s,FDA Advisory No. 2021-1005,2021-05-21
OTC 999® Banlangen Keli,FDA Advisory No. 2021-1005,2021-05-21
OTC TXTY® Gaomengsuanjia Wai Yong Pian – Potassium Permanganate Tablets for External Use 0.1g Tablet,FDA Advisory No. 2021-1005,2021-05-21
Shan Feng Fufang Manshanbai Tangjiang 100ml [as reflected in the package insert],FDA Advisory No. 2021-1005,2021-05-21
Zhisuningpian,FDA Advisory No. 2021-1005,2021-05-21
Azithromycin Tablets – Aqimeisu Pian 0.25g [as reflected in the package insert],FDA Advisory No. 2021-1006,2021-05-21
Ceftriaxone Sodium for Injection 1.0g [Label in foreign language],FDA Advisory No. 2021-1006,2021-05-21
Jingkang Jiaonang,FDA Advisory No. 2021-1006,2021-05-21
OTC HOMESUN Ketotifen Fumarate Tablets 60 Tablets,FDA Advisory No. 2021-1006,2021-05-21
OTC Tylenol® Cold 10 Caplets [Label in foreign language],FDA Advisory No. 2021-1006,2021-05-21
OTC 999® Triamcinolone Acetonide Acetate and Miconazole Nitrate and Neomycin Sulfate Cream – Qumixin Rugao [as reflected in the package insert],FDA Advisory No. 2021-1007,2021-05-21
Pfizer Atorvastatin Calcium Tablets 20mg [Label in foreign language],FDA Advisory No. 2021-1007,2021-05-21
SY® Gentamicin Sulfate Injection – Liusuan Qingdameisu Zhusheye 2ml:8,FDA Advisory No. 2021-1007,2021-05-21
Gentamicin Sulfate Injection 2ml:80mg,FDA Advisory No. 2021-1008,2021-05-21
God Oil India 10ml,FDA Advisory No. 2021-1008,2021-05-21
Kroko Navel PASTE 5 Sachets,FDA Advisory No. 2021-1008,2021-05-21
OTC Banlangen Keli,FDA Advisory No. 2021-1008,2021-05-21
OTC DEHUI® Huoxiang Zhengqi Shui,FDA Advisory No. 2021-1008,2021-05-21
Hugan Pian [as reflected in the package insert],FDA Advisory No. 2021-1035,2021-05-24
OTC IPSEN Smecta® Montmorillonite Powder – Mengtuoshi San [as reflected in the package insert],FDA Advisory No. 2021-1035,2021-05-24
OTC Liuwei Dihuang Wan [as reflected in the package insert],FDA Advisory No. 2021-1035,2021-05-24
OTC Xiaoyao Wan [as reflected in the package insert],FDA Advisory No. 2021-1035,2021-05-24
Tetracycline Tablets [Label in Foreign Language],FDA Advisory No. 2021-1035,2021-05-24
Gentamycin Sulfate Tablets 40mg,FDA Advisory No. 2021-1036,2021-05-24
INOHV® Iodophor Disinfecting Solution 100mL,FDA Advisory No. 2021-1036,2021-05-24
OTC H41025352 [Label in Foreign Language],FDA Advisory No. 2021-1036,2021-05-24
OTC San Huang Pian,FDA Advisory No. 2021-1036,2021-05-24
OTC Vitamin A and D Soft Capsules,FDA Advisory No. 2021-1036,2021-05-24
Diammonium Glycyrrhizinate Capsules,FDA Advisory No. 2021-1037,2021-05-24
Hasen® Vitamin B6 Injection 2ml:0.1g,FDA Advisory No. 2021-1037,2021-05-24
Kaiqiao® Flunarizine Hydrochloride Capsules 5mg,FDA Advisory No. 2021-1037,2021-05-24
OTC Chenpon® Vitamin B2 Tablets – Weishengsu B2 Pian,FDA Advisory No. 2021-1037,2021-05-24
OTC Ganmao Qingre Keli [as reflected in the package insert],FDA Advisory No. 2021-1037,2021-05-24
111 Juanbi Kangsheng Wan,FDA Advisory No. 2021-1038,2021-05-24
Duyiwei® Duyiwei Jiaonang,FDA Advisory No. 2021-1038,2021-05-24
OTC CSPC® Fufang Yuxingcao Pian,FDA Advisory No. 2021-1038,2021-05-24
Qing Yuan® Fen An Ka Min Pian,FDA Advisory No. 2021-1038,2021-05-24
Zhenyuan® Roxithromycin Tablets 150mg,FDA Advisory No. 2021-1038,2021-05-24
H35020932 [Label in Foreign Language],FDA Advisory No. 2021-1039,2021-05-24
HH® Shuanghai Z31020375,FDA Advisory No. 2021-1039,2021-05-24
OTC Fuyankang Pian,FDA Advisory No. 2021-1039,2021-05-24
OTC Rejoy Group Baidai Wan,FDA Advisory No. 2021-1039,2021-05-24
OTC Z36020782 [Label in Foreign Language],FDA Advisory No. 2021-1039,2021-05-24
Aciclovir Gel 10g:0.1g [ Label in Foreign Language],FDA Advisory No. 2021-1040,2021-05-24
Minsheng® Atropine Sulfate Tablets 0.3mg,FDA Advisory No. 2021-1040,2021-05-24
OTC 111 AnShen BuXin Wan [as reflected in the package insert],FDA Advisory No. 2021-1040,2021-05-24
OTC Cimetidine Tablets [Label in Foreign Language],FDA Advisory No. 2021-1040,2021-05-24
OTC Hupo Anshen Wan,FDA Advisory No. 2021-1040,2021-05-24
Fuyankang Pian 0.25g,FDA Advisory No. 2021-1041,2021-05-24
Inuan® Love Warm As Love You,FDA Advisory No. 2021-1041,2021-05-24
OTC 111 Shenling Baizhu Pian [as reflected in the package insert],FDA Advisory No. 2021-1041,2021-05-24
WY® Compound Aminopyrine Phenacetin Tablets,FDA Advisory No. 2021-1041,2021-05-24
Xiaofeng Zhiyang Keli [as reflected in the primary packaging],FDA Advisory No. 2021-1041,2021-05-24
Metformin Hydrochloride Tablets [Label in Foreign Language],FDA Advisory No. 2021-1042,2021-05-24
OTC 111 Shayuanzi Keli [as reflected in the package insert],FDA Advisory No. 2021-1042,2021-05-24
OTC Donglingcao Pian [as reflected in the package insert],FDA Advisory No. 2021-1042,2021-05-24
OTC Hong Yu Jin Hong Tang® Shugan Jianwei Wan [as reflected in the package insert],FDA Advisory No. 2021-1042,2021-05-24
Raceanisodamine Hydrochloride Injection 1ml:10mg,FDA Advisory No. 2021-1042,2021-05-24
Baozhupai® H14021470 [Label in Foreign Language],FDA Advisory No. 2021-1043,2021-05-27
Good Doctor • Hao Yi Sheng 0.28g,FDA Advisory No. 2021-1043,2021-05-27
Potassium Chloride Injection 10ml:1g [Label in Foreign Language],FDA Advisory No. 2021-1043,2021-05-27
Q/SQYX002-2015 100mL[Label in Foreign Language],FDA Advisory No. 2021-1043,2021-05-27
KL® Levofloxacin Hydrochloride and Sodium Chloride Injection,FDA Advisory No. 2021-1044,2021-05-27
Kelundayaochang® Glucose Injection 5% 250ml:12.5g,FDA Advisory No. 2021-1044,2021-05-27
OTC Dezhong® Zaoren Anshen Jiaonang [as reflected in the package insert],FDA Advisory No. 2021-1044,2021-05-27
OTC Guipi Wan [as reflected in the package insert],FDA Advisory No. 2021-1044,2021-05-27
ZX® Metformin Hydrochloride Tablets 0.25g,FDA Advisory No. 2021-1044,2021-05-27
Gentamycin Sulfate Tablets 40mg OTC Huoxiang Zhengqi Shui,FDA Advisory No. 2021-1045,2021-05-27
Kelundayaochang® Fat Emulsion Injection 20% 250mL,FDA Advisory No. 2021-1045,2021-05-27
Kelundayaochang® Tinidazole and Sodium Chloride Injection 100 ml:0.4g:0.9g,FDA Advisory No. 2021-1045,2021-05-27
Norfloxacin Capsules 0.1g,FDA Advisory No. 2021-1045,2021-05-27
OTC Muxiang Shunqi Wan,FDA Advisory No. 2021-1045,2021-05-27
Kou Qiang Yan Qiwuji,FDA Advisory No. 2021-1046,2021-05-27
OTC Huaijiao Wan,FDA Advisory No. 2021-1046,2021-05-27
OTC Kouqiang Kuiyang San 3g,FDA Advisory No. 2021-1046,2021-05-27
OTC Tian Ma Tou Tong Pian,FDA Advisory No. 2021-1046,2021-05-27
OTC Tongqiao Biyan Pian,FDA Advisory No. 2021-1046,2021-05-27
Aciclovir Gel 20g:0.2g [as reflected in the primary packaging],FDA Advisory No. 2021-1047,2021-05-27
Huanqiu® Ofloxacin Ear Drops 5ml:15mg [as reflected in the primary packaging],FDA Advisory No. 2021-1047,2021-05-27
OTC Dehui® Yimucao Keli,FDA Advisory No. 2021-1047,2021-05-27
OTC Xunmazhen Wan,FDA Advisory No. 2021-1047,2021-05-27
OTC Zuguang San,FDA Advisory No. 2021-1047,2021-05-27
Guang Hui® Compound Ketoconazole Cream,FDA Advisory No. 2021-1048-A,2021-05-27
Levofloxacin Hydrochloride Tablets [Label in Foreign Language],FDA Advisory No. 2021-1048-A,2021-05-27
OTC Pevisone® [Label in Foreign Language],FDA Advisory No. 2021-1048-A,2021-05-27
Sodium Aescinate for Injection 10mg [Label in Foreign Language],FDA Advisory No. 2021-1048-A,2021-05-27
Youcare Cefotaxime Sodium for Injection 1.0g,FDA Advisory No. 2021-1048-A,2021-05-27
H41025012 [Label in Foreign Language],FDA Advisory No. 2021-1049,2021-05-27
OTC Dingxi Yatong Jiaonang [as reflected in the package insert],FDA Advisory No. 2021-1049,2021-05-27
OTC Huoxiang Zhengqi Jiaonang,FDA Advisory No. 2021-1049,2021-05-27
Ribavirin Injection 1ml:100mg [Label in Foreign Language],FDA Advisory No. 2021-1049,2021-05-27
WZT® Aciclovir for Injection 0.25g,FDA Advisory No. 2021-1049,2021-05-27
Ambroxol Hydrochloride and Glucose Injection 100mL [Label in Foreign Language],FDA Advisory No. 2021-1050,2021-05-27
Kaixiong Shunqi Wan,FDA Advisory No. 2021-1050,2021-05-27
OTC Cisen® Erythromycin Eye Ointment 0.5% Hongmeisu Yangao [as reflected in the package insert],FDA Advisory No. 2021-1050,2021-05-27
OTC Shugan Hewei Wan,FDA Advisory No. 2021-1050,2021-05-27
OTC Tongbianling Jiaonang [as reflected in the package insert],FDA Advisory No. 2021-1050,2021-05-27
Dendrobium,FDA Advisory No. 2021-1051,2021-05-27
OTC 111 AnShen BuXin Wan [as reflected in the package insert],FDA Advisory No. 2021-1051,2021-05-27
OTC Chuanbei Pipa Tangjiang 100ml [as reflected in the packaging insert],FDA Advisory No. 2021-1051,2021-05-27
OTC H44023918 [Label in foreign language],FDA Advisory No. 2021-1051,2021-05-27
OTC Xiasangju Keli [as reflected in the secondary packaging],FDA Advisory No. 2021-1051,2021-05-27
Furongtang® Niuhuang Jiedu Pian,FDA Advisory No. 2021-1052,2021-05-27
OTC Ankahuangminjiaonang,FDA Advisory No. 2021-1052,2021-05-27
OTC Fuyang Keli,FDA Advisory No. 2021-1052,2021-05-27
Xigua Shuang Spray 30mL,FDA Advisory No. 2021-1052,2021-05-27
Yansuan Jiayang Lupu’an Zhusheye 1ml:10mg,FDA Advisory No. 2021-1052,2021-05-27
Chloramphenicol Tablets [Label in Foreign Language],FDA Advisory No. 2021-1053,2021-05-27
Fufang Jinqiancao Keli 10g [as reflected in the primary packaging],FDA Advisory No. 2021-1053,2021-05-27
OTC 111 Miaoji Wan [as reflected in the package insert],FDA Advisory No. 2021-1053,2021-05-27
OTC Pugongying Keli,FDA Advisory No. 2021-1053,2021-05-27
OTC Xuanmai Ganjie Keli,FDA Advisory No. 2021-1053,2021-05-27
Cystine Tablets 50mg,FDA Advisory No. 2021-1054-A,2021-05-27
OTC H41022778 [Label in Foreign Language],FDA Advisory No. 2021-1054-A,2021-05-27
OTC Vitamin C Tablets [Label in Foreign Language],FDA Advisory No. 2021-1054-A,2021-05-27
OTC Yansuan Saigengding Pian,FDA Advisory No. 2021-1054-A,2021-05-27
Vitamin B12 Tablets 25 μg,FDA Advisory No. 2021-1054-A,2021-05-27
NANZ i-drops 15ml,FDA Advisory No. 2021-1155,2021-06-24
Baishi Tong Yuan 60mL,FDA Advisory No. 2021-1156,2021-06-24
Bct Bai Cao Tang Bai Hui Gao 15g,FDA Advisory No. 2021-1156,2021-06-24
Extraction Herbaceous Essense 25mL,FDA Advisory No. 2021-1156,2021-06-24
OTC Vitamin B6 and Fluocinonide Cream,FDA Advisory No. 2021-1156,2021-06-24
Ryukakusan Direct,FDA Advisory No. 2021-1156,2021-06-24
Irbesartan Tablets 0.15g,FDA Advisory No. 2021-1157,2021-06-24
OTC Ertian You [as reflected in the package insert],FDA Advisory No. 2021-1157,2021-06-24
OTC Gold Medal Medicated Oil,FDA Advisory No. 2021-1157,2021-06-24
OTC TASLY® Huoxiang Zhengqi Dripping Pills,FDA Advisory No. 2021-1157,2021-06-24
Rifampicin Cream – Lifuping Rugao [as reflected in the package insert],FDA Advisory No. 2021-1157,2021-06-24
Lucas’ Papaw Ointment 25g,FDA Advisory No. 2021-1158,2021-10-26
OTC EASEHEAL Montmorillonite Powder,FDA Advisory No. 2021-1158,2021-10-26
OTC Kangsen® Huo Xiang Zheng Qi Shui,FDA Advisory No. 2021-1158,2021-10-26
OTC Yupingfeng Keli [as reflected in the package insert],FDA Advisory No. 2021-1158,2021-10-26
Yemugua Pian,FDA Advisory No. 2021-1158,2021-10-26
Double Prawn Brand Herbal Oil,FDA Advisory No. 2021-1159,2021-06-25
OTC Ibuprofen Sustained Release Capsules 0.3g,FDA Advisory No. 2021-1159,2021-06-25
OTC Zhuangyao Jianshen Wan [as reflected in the package insert],FDA Advisory No. 2021-1159,2021-06-25
WONG TO YICK® Wood Lock Medicated Balm 50mL,FDA Advisory No. 2021-1159,2021-06-25
YRT YU REN TANG Nobe-Hualel Extra Strength Uricure 100 Tablets,FDA Advisory No. 2021-1159,2021-06-25
Jingxin Pharmaceutical Ciprofloxacin Hydrochloride Tablets 0.25g,FDA Advisory No. 2021-1160,2021-06-25
LN Cefalexin Capsules 0.125g,FDA Advisory No. 2021-1160,2021-06-25
MINSHENG® Atrophine Sulfate Tablets 0.3 mg,FDA Advisory No. 2021-1160,2021-06-25
Qianglizhikening Jiaonang,FDA Advisory No. 2021-1160,2021-06-25
yatai® Phenoxymethylpenicillin Potassium Tablets 0.236g,FDA Advisory No. 2021-1160,2021-06-25
Miaobang® Herbal Antibacterial Cream [Label in foreign language],FDA Advisory No. 2021-1161,2021-06-25
Moxibustion Paste [Label in foreign language],FDA Advisory No. 2021-1161,2021-06-25
Ringworm Spray The Treatment Medical Dressin 30mL,FDA Advisory No. 2021-1161,2021-06-25
Wei A suan Rugao 15g,FDA Advisory No. 2021-1161,2021-06-25
Bingpeng San,FDA Advisory No. 2021-1162,2021-06-25
Clindamycin Phosphate Injection 2ml:0.3g,FDA Advisory No. 2021-1162,2021-06-25
OTC HUA SHAN® Baihua You 5mL,FDA Advisory No. 2021-1162,2021-06-25
OTC long dan xie gan wan,FDA Advisory No. 2021-1162,2021-06-25
Chlorhexidine Gluconate (Pro HexTM) 0.5% Antimicrobial Spray 100 mL,FDA Advisory No. 2021-1163,2021-06-25
Qi Lu® Tadalafil Tablets Treatment of Erectile Dysfunction,FDA Advisory No. 2021-1164,2021-06-25
AstraZeneca Betaloc 25mg Tablets [Label in foreign language],FDA Advisory No. 2021-1165,2021-06-25
Candesartan Cilexetil Tablets 4mg,FDA Advisory No. 2021-1165,2021-06-25
Indapamide Tablets 2.5mg,FDA Advisory No. 2021-1165,2021-06-25
OTC Keteling Jiaonang,FDA Advisory No. 2021-1165,2021-06-25
SHI HUI DA® Levamlodipine Besylate Tablets 2.5mg 14’s,FDA Advisory No. 2021-1165,2021-06-25
Herba Med Skin Care Solution 25g,FDA Advisory No. 2021-1176,2021-06-04
Magson Herbal Oil 60 mL,FDA Advisory No. 2021-1176,2021-06-04
N-Herb’s Mentholated Rub 35 grams,FDA Advisory No. 2021-1176,2021-06-04
Nature’s Basics Natural Oil Of Jasmin 60 mL,FDA Advisory No. 2021-1176,2021-06-04
CCTVCOM Extraction Herbaceous Essence 25ml,FDA Advisory No. 2021-1190,2021-06-14
OTC Axe Brand Red Flower Oil 22ml,FDA Advisory No. 2021-1190,2021-06-14
OTC Jiawei Huoxiang Zhengqi Wan,FDA Advisory No. 2021-1190,2021-06-14
Zhongsheng Pharma Nimodipine Tablets 20mg,FDA Advisory No. 2021-1190,2021-06-14
AstraZeneca Betaloc Metoprolol Tartrate Tablets – Jiushisuan Meituoluo’er Pian [as reflected in the package insert] [Label in foreign language],FDA Advisory No. 2021-1191,2021-06-14
OTC Tankejing San [as reflected in the package insert],FDA Advisory No. 2021-1191,2021-06-14
Ofloxacin Tablets 0.1g,FDA Advisory No. 2021-1191,2021-06-14
QING YANG® Famciclovir Tablets 0.125g Tablet,FDA Advisory No. 2021-1191,2021-06-14
U Chu Cold Capsule,FDA Advisory No. 2021-1191,2021-06-14
Lige® Sildenafil Citrate Tablets 50mg,FDA Advisory No. 2021-1192,2021-06-14
Lige® Sildenafil Citrate Tablets – Juyuansuan Xidinafei Pian [as reflected in the package insert],FDA Advisory No. 2021-1192,2021-06-14
OTC In-Hey® Tianqi Tongjing Jiaonang 60 mg,FDA Advisory No. 2021-1192,2021-06-14
OTC Tian Ma Su Pian,FDA Advisory No. 2021-1192,2021-06-14
OTC Tianma Toutong Pian,FDA Advisory No. 2021-1192,2021-06-14
Eisai Methycobal® Tablets 0.5 mg,FDA Advisory No. 2021-1193,2021-06-14
Hugan Pian [as reflected in the package insert],FDA Advisory No. 2021-1193,2021-06-14
Luhuajia Zhusheye 10ml:1g,FDA Advisory No. 2021-1193,2021-06-14
OTC He Jia Yi® KangGong Yan Pian,FDA Advisory No. 2021-1193,2021-06-14
OTC Loratadine Tablets 12’s,FDA Advisory No. 2021-1193,2021-06-14
Cosunter® Shen Mei Yang Wei Ke Li 16g,FDA Advisory No. 2021-1194,2021-06-14
OTC Donglingcao Pian [as reflected in the package insert],FDA Advisory No. 2021-1194,2021-06-14
OTC Shengmaiyin 10 ml,FDA Advisory No. 2021-1194,2021-06-14
OTC Yulin® Shiduqing Jiaonang,FDA Advisory No. 2021-1194,2021-06-14
At Tianjin Chitosan Gynecological Gel Pavilion,FDA Advisory No. 2021-1195,2021-06-14
KL Kelundayaochang® Progesterone Injection 1ml :20mg,FDA Advisory No. 2021-1195,2021-06-14
Nimesulide Granules 50 mg,FDA Advisory No. 2021-1195,2021-06-14
OTC Qing Huo Pian,FDA Advisory No. 2021-1195,2021-06-14
Potassium Sodium Pehydroandrographolide Succinate for Injection 0.2g [ Label in Foreign Language],FDA Advisory No. 2021-1195,2021-06-14
"Haojian (Euphorbia Fischeriana Steud), (Radix Sophorae Flavescentis), (Phellodendron Amurense), (Fructus Cnidii), (Arnebia Tschimganica), (Rhus Chinensis Mill), (Fructus Kochiaem Scopariae), (Lonicera Japonica)",FDA Advisory No. 2021-1196,2021-06-14
Imiquimod Cream-Mikuimote Rugao 0.25g [as reflected in the package insert],FDA Advisory No. 2021-1196,2021-06-14
Micronomicin Sulfate Injection 2ml:60mg [Label in Foreign Language],FDA Advisory No. 2021-1196,2021-06-14
OTC Metronidazole Gel 10g,FDA Advisory No. 2021-1196,2021-06-14
OTC Mingmu Dihuang Wan [as reflected in the package insert],FDA Advisory No. 2021-1196,2021-06-14
FYP® Fuyankang Pian,FDA Advisory No. 2021-1197,2021-06-14
Fluconazole Capsules 0.15g [Label in Foreign Language],FDA Advisory No. 2021-1197,2021-06-14
Glucose Injection 20mL:10g [Label in Foreign Language],FDA Advisory No. 2021-1197,2021-06-14
Haima Baji Jiaonang.,FDA Advisory No. 2021-1197,2021-06-14
OTC FuxueKang Keli [as reflected in the package insert],FDA Advisory No. 2021-1197,2021-06-14
Diclofenac Sodium Sustained-released Capsules 50mg [Label in Foreign Language],FDA Advisory No. 2021-1198,2021-06-14
OTC Erythromycin Ointment,FDA Advisory No. 2021-1198,2021-06-14
OTC Fangfeng Tongsheng Wan [as reflected in the package insert],FDA Advisory No. 2021-1198,2021-06-14
OTC Montmorillonite Powder,FDA Advisory No. 2021-1198,2021-06-14
OTC Yiqing Ruanjiaonang [as reflected in the package insert],FDA Advisory No. 2021-1198,2021-06-14
OTC Clotrimazole Vaginal Tablets,FDA Advisory No. 2021-1199,2021-06-14
OTC Livzon Cetirizine Hydrochloride Tablets 7’s,FDA Advisory No. 2021-1199,2021-06-14
"OTC Metronidazole, Clotrimazole and Chlorhexidine Acetate Suppositories – Shuangzuotai Shuan [as reflected in the package insert]",FDA Advisory No. 2021-1199,2021-06-14
Adapalene Gel,FDA Advisory No. 2021-1200,2021-06-14
Bifujian 100mg/g 15 mL,FDA Advisory No. 2021-1200,2021-06-14
Cefoperazone Sodium for Injection 1.0g [Label in Foreign Language],FDA Advisory No. 2021-1200,2021-06-14
OTC Xiaoyao Wan [as reflected in the package insert],FDA Advisory No. 2021-1200,2021-06-14
United Laboratories Aciclovir Tablets 0.1g [Label in Foreign Language],FDA Advisory No. 2021-1200,2021-06-14
Qingre Sanjie Pian,FDA Advisory No. 2021-1201,2021-06-14
Relinqing Pian,FDA Advisory No. 2021-1201,2021-06-14
Rengongniuhuang Jiaxiaozuo Jiaonang,FDA Advisory No. 2021-1201,2021-06-14
Warmen Relinqing Keli,FDA Advisory No. 2021-1201,2021-06-14
YingRun Ribavirin Eye Drops 8ml:8mg,FDA Advisory No. 2021-1201,2021-06-14
A Tretinoin Cream 0.025% 15g,FDA Advisory No. 2021-1202,2021-06-14
Ginwa Transfer Factor Capsules,FDA Advisory No. 2021-1202,2021-06-14
OTC A® Wei C Yinqiaopian,FDA Advisory No. 2021-1202,2021-06-14
OTC We I Shengsu C Zhusheye 2ml:0.5g,FDA Advisory No. 2021-1202,2021-06-14
OTC Wei Kang Ling Jiao Nang,FDA Advisory No. 2021-1202,2021-06-14
OTC Wuzi Yanzong Wan 9g,FDA Advisory No. 2021-1203,2021-06-15
XST KPC® Xuesaitong Pian,FDA Advisory No. 2021-1203,2021-06-15
Yangxue Shengfa Jiaonang,FDA Advisory No. 2021-1203,2021-06-15
Yansuan Fuguiliqin Jiaonang [as reflected in the secondary packaging] Flunarizine Hydrocloride Capsules [as reflected in the primary packaging],FDA Advisory No. 2021-1203,2021-06-15
Yao Xi Tong Jiao Nang,FDA Advisory No. 2021-1203,2021-06-15
OTC Folic Acid Tablets 0.4mg,FDA Advisory No. 2021-1204,2021-06-15
OTC JLS® Yuanhu Zhitong Pian,FDA Advisory No. 2021-1204,2021-06-15
OTC Zhibai Dihuang Wan [as reflected in the package insert],FDA Advisory No. 2021-1204,2021-06-15
OTC Zhike Ningsou Jiaonang,FDA Advisory No. 2021-1204,2021-06-15
Yuxingcao Eye Drops 8ml,FDA Advisory No. 2021-1204,2021-06-15
Compound Ferrous Sulfate and Folic Acid Tablets – Fufang Liusuanyatie Yesuan Pian 50mg [as reflected in the package insert],FDA Advisory No. 2021-1205,2021-06-15
OTC Buzhong Yiqi Wan [as reflected in the package insert],FDA Advisory No. 2021-1205,2021-06-15
OTC Compound Beclometasone Dipropionate and Camphor Cream- Fufang Beilü misong Zhangnao Rugao [as reflected in the package insert],FDA Advisory No. 2021-1205,2021-06-15
Xiao Yan Zhi Ke Pian,FDA Advisory No. 2021-1205,2021-06-15
Yatai® AMP Amoxicillin and Clavulanate Potassium Dispersible Tablets 156.25mg,FDA Advisory No. 2021-1205,2021-06-15
BaiCaoZhiYangGao,FDA Advisory No. 2021-1206,2021-06-15
Ciprofloxacin Hydrochloride Tablets 0.25g [Label in Foreign Language],FDA Advisory No. 2021-1206,2021-06-15
Dabaidu Jiaonang,FDA Advisory No. 2021-1206,2021-06-15
OTC Yangxue Anshen Pian [as reflected in the package insert],FDA Advisory No. 2021-1206,2021-06-15
OTC ZNW® Zhen Nan Wang Qingfei Yihuo Pian [as reflected in the package insert],FDA Advisory No. 2021-1206,2021-06-15
BaiCaoZhiYangGao,FDA Advisory No. 2021-1207,2021-06-15
Ciprofloxacin Hydrochloride Tablets 0.25g [Label in Foreign Language],FDA Advisory No. 2021-1207,2021-06-15
Dabaidu Jiaonang,FDA Advisory No. 2021-1207,2021-06-15
OTC Yangxue Anshen Pian [as reflected in the package insert],FDA Advisory No. 2021-1207,2021-06-15
OTC ZNW® Zhen Nan Wang Qingfei Yihuo Pian [as reflected in the package insert],FDA Advisory No. 2021-1207,2021-06-15
BYS® Nimesulide Tablets 100 mg,FDA Advisory No. 2021-1208,2021-06-15
Changweishi Connate Kang Probiotic Powder 30g,FDA Advisory No. 2021-1208,2021-06-15
OTC Sanyi Clotrimazole Solution 8ml,FDA Advisory No. 2021-1208,2021-06-15
OTC Tongbianling Jiaonang,FDA Advisory No. 2021-1208,2021-06-15
Zhiyangpianfang Zhongyaorugao 15g,FDA Advisory No. 2021-1208,2021-06-15
Cenoca B-Complex Vitamins Tablet 0.55g,FDA Advisory No. 2021-1209,2021-06-15
OTC Yansuan Saigengding Pian,FDA Advisory No. 2021-1209,2021-06-15
Topfond® Meheco H41020972 [Label in Foreign Language],FDA Advisory No. 2021-1209,2021-06-15
WY® Chloramphenicol Tablets 0.25g,FDA Advisory No. 2021-1209,2021-06-15
Herbal Natural Not Stimulate,FDA Advisory No. 2021-1210-A,2021-06-15
Kaixiong Shunqi Wan,FDA Advisory No. 2021-1210-A,2021-06-15
OTC Huahong® Huahong Tablets,FDA Advisory No. 2021-1210-A,2021-06-15
OTC Ibuprofen Sustained-Release Capsules,FDA Advisory No. 2021-1210-A,2021-06-15
OTC Jilinyimintangzhiyaoyouxian gongsi,FDA Advisory No. 2021-1210-A,2021-06-15
OTC Baihe Gujin Pian,FDA Advisory No. 2021-1211,2021-06-15
OTC Huoxue Zhitong Jiaonang,FDA Advisory No. 2021-1211,2021-06-15
OTC Jiebai Jiaonang,FDA Advisory No. 2021-1211,2021-06-15
OTC Longdan Xiegan Wan,FDA Advisory No. 2021-1211,2021-06-15
Qianlie Shule Jiaonang,FDA Advisory No. 2021-1211,2021-06-15
Fuyankangpian 0.25g,FDA Advisory No. 2021-1212,2021-06-15
Jin Gu Tong Tie Gao [as reflected in the primary packaging],FDA Advisory No. 2021-1212,2021-06-15
OTC Chuanbei Pipatangjiang,FDA Advisory No. 2021-1212,2021-06-15
OTC Ibuprofen Sustained-Release Capsules – Buluofen Huanshi Jiaonang [as reflected in the package insert],FDA Advisory No. 2021-1212,2021-06-15
OTC San Huang Pian,FDA Advisory No. 2021-1212,2021-06-15
Fresh-Eye (Eyewash) 250 mL [as reflected in the package insert],FDA Advisory No. 2021-1213,2021-06-15
OTC Ibuprofen Sustained Release Capsules 0.3g,FDA Advisory No. 2021-1213,2021-06-15
OTC Tian Shi Kang® Fufang Chenxiangwei Pian,FDA Advisory No. 2021-1213,2021-06-15
OTC Tianqi Tongjing Jiaonang,FDA Advisory No. 2021-1213,2021-06-15
OTC ZENTEL® Albendazole Tablets 0.2g 10’s,FDA Advisory No. 2021-1213,2021-06-15
OTC Gan Kang® Compound Paracetamol and Amantadine Hydrochloride Tablets – Fufang Anfenwan’an Pian 12 Tablets [as reflected in the package insert],FDA Advisory No. 2021-1214,2021-06-15
OTC TASLY® Shi Quan Da Bu Wan,FDA Advisory No. 2021-1214,2021-06-15
OTC Xiangsha Yangwei Wan [as reflected in the package insert],FDA Advisory No. 2021-1214,2021-06-15
SHINEWAY® Huangqi Zhusheye 10ml [as reflected in the package insert],FDA Advisory No. 2021-1214,2021-06-15
SUCCHI® Gentamicin Sulfate Injection 2ml:8,FDA Advisory No. 2021-1215,2021-06-15
Saimeian Jiaonang Capsules,FDA Advisory No. 2021-1215,2021-06-15
XINYAXILE® Huangqi Zhusheye 10ml,FDA Advisory No. 2021-1215,2021-06-15
Xiangdan Zhusheye 10ml,FDA Advisory No. 2021-1215,2021-06-15
Yansuan Liduokayin Zhusheye 5ml:0.1g,FDA Advisory No. 2021-1215,2021-06-15
OTC Longze Xiongdan Jiaonang,FDA Advisory No. 2021-1216,2021-06-15
OTC Pien Tze Huang® Yindan Pinggan Capsule,FDA Advisory No. 2021-1216,2021-06-15
OTC Qingfei Huatan Wan,FDA Advisory No. 2021-1216,2021-06-15
OTC XINFENG YAOYE Fufang Yuxingcao Pian,FDA Advisory No. 2021-1216,2021-06-15
Zhongsheng Pharma Naoshuantong Jiaonang 0.4g,FDA Advisory No. 2021-1216,2021-06-15
Belladonna Sulfamethoxazole and Trimerhoprim Tablets – Dianqie Huangbianding Pian [as reflected in the package insert],FDA Advisory No. 2021-1217,2021-06-15
Hugan Tablet – Hugan Pian 0.35g [as reflected in the package insert],FDA Advisory No. 2021-1217,2021-06-15
Hugan Tablets 100’s,FDA Advisory No. 2021-1217,2021-06-15
Niuhuang Jiedu Pian,FDA Advisory No. 2021-1217,2021-06-15
Warmen Relinqing Keli,FDA Advisory No. 2021-1217,2021-06-15
Double Prawn Brand Herbal Oil,FDA Advisory No. 2021-1218,2021-06-16
Fufang Shiwei Jiaonang 36’s,FDA Advisory No. 2021-1218,2021-06-16
OTC Fuyang Keli,FDA Advisory No. 2021-1218,2021-06-16
OTC JMJT Jianwei Xiaoshi Pian Wuhan Jianmin Pharmaceutical,FDA Advisory No. 2021-1218,2021-06-16
Galculus Bovis and Metronidazole Capsules – Rengongniuhuang Jiaxiaozuo Jiaonang [as reflected in the package insert],FDA Advisory No. 2021-1219,2021-06-16
LIGE® Sildefanil Citrate Tablets – Juyuansuan Xidinafei Pian 50mg [as reflected in the package insert],FDA Advisory No. 2021-1219,2021-06-16
Niuhuang Jiedu Pian,FDA Advisory No. 2021-1219,2021-06-16
OTC Yiqi Yangxue Koufuye,FDA Advisory No. 2021-1219,2021-06-16
OTC Yuye Jiedu Keli [as reflected in the package insert],FDA Advisory No. 2021-1219,2021-06-16
Complex Protein Peptide 60g (4g x 15),FDA Advisory No. 2021-1220,2021-06-16
OTC Baofukang Shuan [as reflected in the package insert],FDA Advisory No. 2021-1220,2021-06-16
Probiotics 45g (3g x 15),FDA Advisory No. 2021-1220,2021-06-16
Sanyoujianan MedicineTM Nuan Gong Tie,FDA Advisory No. 2021-1220,2021-06-16
yatai® AMP Amoxicillin and Clavulanate Potassium Dispersible Tablets 156.25mg,FDA Advisory No. 2021-1220,2021-06-16
OTC CSKI Compound Camphor Cream – Fufang Zhangnao Rugao [as reflected in the package insert],FDA Advisory No. 2021-1221,2021-06-16
OTC Compound Dexamethasone Acetate Cream,FDA Advisory No. 2021-1221,2021-06-16
OTC MAOXIANG GROUP Shao Tang Shang Ga,FDA Advisory No. 2021-1221,2021-06-16
OTC Zhuangyao Jianshen Wan [as reflected in the package insert],FDA Advisory No. 2021-1221,2021-06-16
YIXIONGXIANGRUI Yaotong Pian,FDA Advisory No. 2021-1221,2021-06-16
Power Ment Herbal 60 ml,FDA Advisory No. 2021-1222,2021-06-16
Haplus Moringa Liniment 60mL,FDA Advisory No. 2021-1223,2021-06-16
"Extra Strength Methyl Salicylate, Camphor, Menthol (Mega Plus) 60 ml",FDA Advisory No. 2021-1225,2021-06-17
"Methyl Salicylate, Camphor, Menthol, Gabon Extract (Haplas Gabon) Liniment Oil Extra Hot 60ml",FDA Advisory No. 2021-1226,2021-06-17
Boehringer Ingelheim Atrovent® 2ml:500μg [Label in foreign language],FDA Advisory No. 2021-1227,2021-06-17
Fufang Shiwei Jiaonang 24’s,FDA Advisory No. 2021-1227,2021-06-17
OTC SINOPHARM Vitamin A and D Capsules [Label in foreign language],FDA Advisory No. 2021-1227,2021-06-17
OTC TENG YAO® Fuyang Keli,FDA Advisory No. 2021-1227,2021-06-17
Zhongsheng Pharma Fufang Xueshuantong Jiaonang,FDA Advisory No. 2021-1227,2021-06-17
Chloramphenicol Eye Drops 8ml:20mg,FDA Advisory No. 2021-1228,2021-06-17
Levocetirizine Hydrochloride Oral Solution 0.05%,FDA Advisory No. 2021-1228,2021-06-17
ORIGINAL® Aspirin Enteric-Coated Tablets 100mg,FDA Advisory No. 2021-1228,2021-06-17
OTC Huoxue Zhitong Jiaonang [as reflected in the package insert],FDA Advisory No. 2021-1228,2021-06-17
OTC Qianlie Shule Jiaonang,FDA Advisory No. 2021-1228,2021-06-17
JMS Methyl Salicylate Georgine Magson Herbal Oil 120 mL,FDA Advisory No. 2021-1313-A,2021-07-02
Bioescent Herbal Oil 60mL,FDA Advisory No. 2021-1314,2021-07-02
Panyawan Plus Linement 60mL,FDA Advisory No. 2021-1314,2021-07-02
New Well Well Miracle Plus Herbal Oil and Muscle Relaxant 60mL,FDA Advisory No. 2021-1315,2021-07-02
Extra large MD® Skin fighter 35g,FDA Advisory No. 2021-1316,2021-07-02
CLEVERLY SELL Banh Pia Chay with Image of Durian (In Foreign Language),FDA Advisory No. 2021-1329,2021-07-02
CLEVERLY SELL Banh Pia Chay with Image of Pineapple (In Foreign Language),FDA Advisory No. 2021-1329,2021-07-02
ENERGY LAWEI SHIZU Instant Noodles in Green and Silver Paper Cup with Devil Cat Cartoon (In Foreign Language),FDA Advisory No. 2021-1329,2021-07-02
ENERGY LAWEI SHIZU Instant Noodles in Red and Silver Paper Cup with Devil Cat Cartoon (In Foreign Language),FDA Advisory No. 2021-1329,2021-07-02
YO! MAN Burdock Wheat Biscuit (In Foreign Language),FDA Advisory No. 2021-1329,2021-07-02
Colossus Medicated Oil 3mL,FDA Advisory No. 2021-1386,2021-07-09
CL Kasoy Oil 60mL,FDA Advisory No. 2021-1387,2021-07-09
EN Hakorre Nouvelle Liniment Oil 60mL,FDA Advisory No. 2021-1388,2021-07-09
Elijah Miracle Oil 70mL,FDA Advisory No. 2021-1389,2021-07-09
Exprim Hair Grower 30mL,FDA Advisory No. 2021-1389,2021-07-09
Menthol + Lemon + Eucalyptus Oil (Rub) 36 gwt.,FDA Advisory No. 2021-1390,2021-07-09
Mistique Hydrocort Cream 20g,FDA Advisory No. 2021-1391,2021-07-09
Sevelamer Carbonate 800 mg Film Coated Tablet 30's,FDA Advisory No. 2021-1392,2021-07-09
Extra Strength Methyl Salicylate Camphor + Menthol (Megaplas®) Liniment Oil 25mL,FDA Advisory No. 2021-1393,2021-07-09
Methyl Salicylate + Camphor (Bioscent) Liniment Oil 60 mL,FDA Advisory No. 2021-1394,2021-07-09
Aciete De Manzanilla 25mL,FDA Advisory No. 2021-1395,2021-07-09
Salicylic Acid Solution 10% 25mL,FDA Advisory No. 2021-1395,2021-07-09
Ginger Healing Ice Angel Massage Oil 60 mL,FDA Advisory No. 2021-1396,2021-07-09
Ice Angel Healing Rub Health & Beauty Products Peppermint 35 grams,FDA Advisory No. 2021-1396,2021-07-09
Methyl Salicylate Camphor+Menthol Extra Strength (Kung Fu) Topical Pain Reliever 25ml,FDA Advisory No. 2021-1397,2021-07-09
OTC Wild Tiger Universal Brand Oil 10ml,FDA Advisory No. 2021-1397,2021-07-09
Dok F Vaporight Essential Oil Eucalyptus,FDA Advisory No. 2021-1398-A,2021-07-09
Neomycin Floucinonide (NSF Cream) 20g,FDA Advisory No. 2021-1399,2021-07-09
OTC AUP® Piyan Ping® Compound Dexamethasone Acetate Cream 20g,FDA Advisory No. 2021-1399,2021-07-09
Acura Pito-Pito Stress Relief & Well Being Aromatherapeutic Massage Oil 50mL,FDA Advisory No. 2021-1400,2021-07-09
Kingson Herbal Oil 60mL,FDA Advisory No. 2021-1401,2021-07-09
Miracle Herb Oil The Natural Herbs 60mL,FDA Advisory No. 2021-1402,2021-07-09
Imodium® Loperamide De Hydrochloride Capsules [Label in Foreign Language],FDA Advisory No. 2021-1403,2021-07-09
OTC Diclofenac Sodium Aerosol,FDA Advisory No. 2021-1403,2021-07-09
OTC Terbinafine Hydrochloride Spray-Yansuan Terbinaifen Penwuji [as reflected in the package insert],FDA Advisory No. 2021-1403,2021-07-09
"Suphorae Flavescentis Radix, Stemonae Radix, Cnidii fructus, Phellodenri Chinensis Cortex",FDA Advisory No. 2021-1403,2021-07-09
XJY® [Label in Foreign Language],FDA Advisory No. 2021-1403,2021-07-09
CSPC® Arbidol Hydrochloride Tablets 0.1g,FDA Advisory No. 2021-1404,2021-07-09
Glutax® 5GS Micro Cellular Ultra Whitening [SecondaryPackaging] Glutax® 5GS [Primary Packaging],FDA Advisory No. 2021-1405,2021-07-09
Povidone Iodine (Repacked Betadine) 10% Solution 15 ml,FDA Advisory No. 2021-1406,2021-07-09
01860235 Long Patch / Short Patch [Label in Foreign Language],FDA Advisory No. 2021-1407,2021-07-09
OTC Kangsen® Xianchaihu Keli,FDA Advisory No. 2021-1407,2021-07-09
OTC Vitamin C Effervescent Tablets,FDA Advisory No. 2021-1407,2021-07-09
OTC “701’ Dieda Zhentong Gao,FDA Advisory No. 2021-1407,2021-07-09
Wei A Suan Rugao 15g,FDA Advisory No. 2021-1407,2021-07-09
Aciclovir Eye Drops 8ml:8mg [Label in Foreign Language],FDA Advisory No. 2021-1408,2021-07-12
OTC Huaijiao Wan,FDA Advisory No. 2021-1408,2021-07-12
OTC Wei C Yingao Pian,FDA Advisory No. 2021-1408,2021-07-12
OTC Wuzi Yangzong Wan,FDA Advisory No. 2021-1408,2021-07-12
"[Label in Foreign Language] Ivory viscous semi-solid preparation packed in aplastic collapsible tube bottle and white opaque screw cap with an aluminum evident-seal, enclosed in a green box with beige color combination.",FDA Advisory No. 2021-1408,2021-07-12
Cisen Mecobalamin Tablets 0.5g,FDA Advisory No. 2021-1409,2021-07-12
Kaiqiao® Tinidazole Tablets 0.5g,FDA Advisory No. 2021-1409,2021-07-12
OTC Hydrotalcite Chewable Tablets-Lü Tansuanmei Jujuepian [as reflected in the package insert],FDA Advisory No. 2021-1409,2021-07-12
Oseltamivir Phosphate Granules 15mg,FDA Advisory No. 2021-1409,2021-07-12
[Label in Foreign Language] Light brownish solution contained in a white opaque plastic bottle and white opaque screw cap enclosed in a yellow box with male Chinese figure.,FDA Advisory No. 2021-1409,2021-07-12
Fengshi Guanjieyan Pian [as reflected in the package insert],FDA Advisory No. 2021-1410,2021-07-12
OTC Clindamycin Hydrochloride and Metronidazole Liniment,FDA Advisory No. 2021-1410,2021-07-12
OTC Lincomycin Hydrochloride and Lidocaine Hydrochloride Gel-Linkemeisu Liduokayin Ningjiao [as reflected in the secondary packaging],FDA Advisory No. 2021-1410,2021-07-12
OTC Sulfur Ointment-Liu Ruangao [as reflected in the package insert],FDA Advisory No. 2021-1410,2021-07-12
OTC Zhichuang Jiaonang [as reflected in the package insert],FDA Advisory No. 2021-1410,2021-07-12
Fluocinonide Cream [Label in Foreign Language],FDA Advisory No. 2021-1411,2021-07-12
Nin Jiom Herbal Candy,FDA Advisory No. 2021-1411,2021-07-12
OTC Clotrimazole Cream,FDA Advisory No. 2021-1411,2021-07-12
OTC Ditong Biyan Shui,FDA Advisory No. 2021-1411,2021-07-12
Sai Mei An San,FDA Advisory No. 2021-1411,2021-07-12
Livzon® Aciclovir Tablets 0.1g,FDA Advisory No. 2021-1412,2021-07-12
OTC Liuwei Dihuang Wan 360’s [as reflected in package insert],FDA Advisory No. 2021-1412,2021-07-12
OTC Tankejing Pian 24 Tablets,FDA Advisory No. 2021-1412,2021-07-12
OTC Tongbianling Jiaonang [as reflected in package insert],FDA Advisory No. 2021-1412,2021-07-12
Oren Herb Specific Niao Xiau Wan 24 Capsules,FDA Advisory No. 2021-1412,2021-07-12
OTC Ditong Biyanshui Penwuji,FDA Advisory No. 2021-1413,2021-07-12
OTC Guo Guang Zhuanggu Shexiang Zhitong Gao,FDA Advisory No. 2021-1413,2021-07-12
[Label in Foreign Language] Semi-solid preparation contained in a white opaque aluminum collapsible tube enclosed in a box with purple color.,FDA Advisory No. 2021-1413,2021-07-12
Dorzolamide & Timolol Maleate Eye Drops BP (Dorsun-T) 5mL,FDA Advisory No. 2021-1414,2021-07-12
Mometasone Aqueous Nasal Spray BP Metospray 10mL,FDA Advisory No. 2021-1414,2021-07-12
Moxifloxacin & Prednisolone Acetate Ophthalmic Suspension (Zoptina-P) Eye Drops 5mL,FDA Advisory No. 2021-1414,2021-07-12
"Ofloxacin, Beclomethasone, Clotrimazole Ear Drops (Otocin) 5mL",FDA Advisory No. 2021-1414,2021-07-12
Desitin® Rapid Relief Zinc Oxide Diaper Rash Cream,FDA Advisory No. 2021-1492,2021-07-12
CHRO-Plus Herbal Oil 60ml,FDA Advisory No. 2021-1506,2021-07-14
Electro Massage Oil 60ml,FDA Advisory No. 2021-1506,2021-07-14
Hannah Comfrey Liniment Oil 60ml,FDA Advisory No. 2021-1506,2021-07-14
New MoringaTM Superior Massage Oil 60ml,FDA Advisory No. 2021-1506,2021-07-14
"V-Moringa Superior Liniment Herb Oil with virgin Coconut Oil, Guyabano and Guava 60ml",FDA Advisory No. 2021-1506,2021-07-14
Soup Wonder Herbal Oil 120 mL,FDA Advisory No. 2021-1525,2021-07-13
FLD Herbal Product Barley Rub Healing Ointment 25 grams,FDA Advisory No. 2021-1526,2021-07-13
Methyl Salicylate 10% 100 mL (Megamagson-Plus) Liniment 60 mL,FDA Advisory No. 2021-1527,2021-07-13
Kirkland Signature Vitamin C 1000 mg Tablet,FDA Advisory No. 2021-1528,2021-07-13
Relaxant Therapy Oil with Luy-A Psicapmo Extract Extreme 60mL,FDA Advisory No. 2021-1529,2021-07-13
Hydrogen Peroxide 10 Volumes 120mL,FDA Advisory No. 2021-1530,2021-07-13
Tincture of Benzalkonium Chloride 25mL,FDA Advisory No. 2021-1530,2021-07-13
Benzalkonium Chloride 25 mL,FDA Advisory No. 2021-1531,2021-07-13
NEO Eucalyptus Oil 15 mL,FDA Advisory No. 2021-1531,2021-07-13
NEO Methyl Salicylate (Oil Of Wintergreen) 25 mL,FDA Advisory No. 2021-1531,2021-07-13
NEO Salicylic Acid 10% Solution 25 mL,FDA Advisory No. 2021-1531,2021-07-13
OTC Carbocysteine Tablets,FDA Advisory No. 2021-1605,2021-07-15
OTC Echeng® Houtongling Pian,FDA Advisory No. 2021-1605,2021-07-15
Crude Medicinal Plant Binisayang Tambal Bugayana Genuine,FDA Advisory No. 2021-1609,2021-07-19
Potassium Alum Sodium Chloride Acetic Acid (Canker Mouth Sore Solution) 4 mL,FDA Advisory No. 2021-1609,2021-07-19
Imada Red Flower Oil 25 mL,FDA Advisory No. 2021-1610,2021-07-19
Imada Red Flower Oil 50 mL,FDA Advisory No. 2021-1610,2021-07-19
Medicare Vaporub 100ml,FDA Advisory No. 2021-1611,2021-07-19
Methyl Salicylate Camphor + Menthol (Amazing Herbal Oil) 250 mL,FDA Advisory No. 2021-1611,2021-07-19
Paracetamol Tablets USP 100mg,FDA Advisory No. 2021-1612,2021-07-19
Nonglading Miracle Oil 70 mL,FDA Advisory No. 2021-1613,2021-07-19
Fusion Rub 16 g,FDA Advisory No. 2021-1614,2021-07-19
Grandma El's Diaper Rash Remedy + Prevention 2 oz,FDA Advisory No. 2021-1615,2021-07-19
Creations Spa Essentials Pain Relief Rub Sleep With Beeswax Ginger Oil & Olive Oil 50 g,FDA Advisory No. 2021-1616,2021-07-19
Petina Compound Tablets 50’s,FDA Advisory No. 2021-1617,2021-07-19
Amazing TouchTM facial lotion Anti-bacterial cleanser with Clindamycin + Thymus Peptides 150 mL,FDA Advisory No. 2021-1618,2021-07-19
New Improved! Zzicianne Arolax Oil with Neem Tree Oil & Lavender 50 mL,FDA Advisory No. 2021-1619,2021-07-19
Non-Acidic Ester-C® 1000 mg with Citrus Bioflavonoids 180 Vegetarian Tablets,FDA Advisory No. 2021-1620,2021-07-19
Non-Acidic Ester-C® 1000 mg with Citrus Bioflavonoids 180 Vegetarian Tablets”,FDA Advisory No. 2021-1620-A,2021-07-19
Medicare Vaporub 100 mL,FDA Advisory No. 2021-1621,2021-07-19
Kasoy Oil Enchanced Formula Anacardium Occidentale w/ Almond Oil New and Improved 60 ml,FDA Advisory No. 2021-1622,2021-07-19
EltroxinTM Tablets 100mcg,FDA Advisory No. 2021-1623,2021-07-19
MadenTM Povidone-Iodine (Thetadine) 10% Solution 30 mL,FDA Advisory No. 2021-1679,2021-07-22
"Methyl Salicylate, Camphor, Menthol, Panyawan Extract, (Haplas Panyawan) 60 ml",FDA Advisory No. 2021-1680,2021-07-22
OTC Si Ji Gan Mao Pian,FDA Advisory No. 2021-1681,2021-07-22
Blackmores Stress Relief Executive B Stress Formula Tablet,FDA Advisory No. 2021-1682,2021-07-22
Ascorbic Acid 500 mg Capsule,FDA Advisory No. 2021-1683,2021-07-22
Natural Green Leaf 2 Ways Inhaler,FDA Advisory No. 2021-1720,2021-07-26
Summer Oil Spa Essential Pain Relief Rub Oliva Organica With Beeswax Ginger Oil & Olive Oil 50 g,FDA Advisory No. 2021-1721,2021-07-26
Made Better Blumea Liniment Oil Mangosteen Turmeric & Salong “The Power of 49 Herb Extracts” with Eucalyptus and Peppermint 60 mL”,FDA Advisory No. 2021-1722,2021-07-26
Perfalgan® Paracetamol 1 g in 100 mL Solution for Infusion 100 mL Vial,FDA Advisory No. 2021-1723,2021-07-26
CCM Bumooly®-S Sol,FDA Advisory No. 2021-1724,2021-07-26
CCM New Hyundai Moolpas®-F,FDA Advisory No. 2021-1724,2021-07-26
Turmeric 500 mg Capsule 100’s,FDA Advisory No. 2021-1725,2021-07-26
Yeye Chun 5000 mg Capsule,FDA Advisory No. 2021-1725,2021-07-26
Yilishen 2800 mg Capsule,FDA Advisory No. 2021-1725,2021-07-26
Lady Guada Aceite De Manzanilla 15 mL,FDA Advisory No. 2021-1726,2021-07-26
Lady Guada Salicylic Acid 15 mL,FDA Advisory No. 2021-1726,2021-07-26
Baineiting Pirenoxine Sodium Eye Drops-Binoukexinna Diyanye 15 mL [as reflected in the package insert],FDA Advisory No. 2021-1727,2021-07-26
Chu Kiang Brand Kang Gu Zeng Sheng Pian Herbal Extractives 100 Tab,FDA Advisory No. 2021-1727,2021-07-26
DK® Liver and Gallbladder Stone Repellent 50 Film-Coated Pastilles,FDA Advisory No. 2021-1727,2021-07-26
Gingko Hypotensor Tablet Auth8tieation of National GMP Modern Natural Botanical Medicines 0.125 g,FDA Advisory No. 2021-1727,2021-07-26
Muhi Mopiko® Ointment 20 g,FDA Advisory No. 2021-1752,2021-07-26
Coralite® Pain Relief Patch Extra Strength Medicated Patch 20’s,FDA Advisory No. 2021-1753,2021-07-26
Lucky Super Soft® Antifungal Athlete’s foot Cream Clotrimazole 1% 1.5 Oz (42.5 g),FDA Advisory No. 2021-1753,2021-07-26
Lucky Super Soft® First Aid Triple Antibiotic Ointment 0.5 Oz (14 g),FDA Advisory No. 2021-1753,2021-07-26
Equaline® Cherry Cough Drops 30’s,FDA Advisory No. 2021-1754,2021-07-26
FamilyTM Care Maximum Strenght Triple + Pain Relief Antibiotic Ointment 0.5 Oz (14 g),FDA Advisory No. 2021-1754,2021-07-26
Lucky Super Soft® Diaper Rash & Skin Protectant Ointment with Vitamin A & D 1.25 Oz (35.4 g),FDA Advisory No. 2021-1754,2021-07-26
Nature’s Lather At Work Lori® Soap Amitraz With Free Milk And Herbs Coat Conditioning Soap 5% Amitraz Solution In Soap Bar 120g + 25g,FDA Advisory No. 2021-1755,2021-07-26
Tropictoral Herbal Syrup,FDA Advisory No. 2021-1756,2021-07-26
Methyl Salicylate Camphor Menthol + Eucalyptus Oil Ruex Herbal Miracle Liniment Oil,FDA Advisory No. 2021-1757,2021-07-26
Ruex Herbal Ointment,FDA Advisory No. 2021-1757,2021-07-26
"BAYER Membantu Menjaga Kesehatan Tulang CDR® Kalsium, Vitamin D, C & B6 4600 mg 10 Tablet Effervescent",FDA Advisory No. 2021-1792,2021-07-27
"GSK Panadol Flu & Batuk Paracetamol, Phenylephrine HCl, Dextromethorpan HBr 1 Blister @ 10 Kaplets",FDA Advisory No. 2021-1792,2021-07-27
Rowatinex® Kapszula Rowa®,FDA Advisory No. 2021-1793,2021-07-27
TO Ninazol Tablets 200 mg,FDA Advisory No. 2021-1793,2021-07-27
Jinling® Sha Hsien Chin Ointment 14 gm,FDA Advisory No. 2021-1794,2021-07-27
Kasoy Oil Enchanced Formula Anacardium Occidentale w/ Almond Oil 60 mL,FDA Advisory No. 2021-1794,2021-07-27
Red Alingatong Herbal Liniment Oil 60 mL,FDA Advisory No. 2021-1795,2021-07-28
Chamomile Oil (Aceite de Manzanilla),FDA Advisory No. 2021-1796,2021-07-28
Pim-Saen Balm Oil Poy-Sian Brand,FDA Advisory No. 2021-1833,2021-07-28
Methyl Salicylate + Camphor + Menthol (Extreme Exceed Panyawan Plus Linement) 30 mL,FDA Advisory No. 2021-1852,2021-08-03
Meiyi Herbs Remedy Healing Oil Ginger & Tea with Ginger Oil Chili Oil & VCO 10 mL,FDA Advisory No. 2021-1853,2021-08-03
Povidone-Iodine (Bethadine) 10% Solution 30 mL,FDA Advisory No. 2021-1872,2021-08-03
Botulinum Toxin Type A Botulax® 100 Units/Vial,FDA Advisory No. 2021-1873,2021-08-03
"Medi Hub Lipo Lab PPC Solution Phosphatidylcholine 1,000 mg 10 mL",FDA Advisory No. 2021-1873,2021-08-03
SQSC Tung-Hai Fish Liver Oil,FDA Advisory No. 2021-1874,2021-08-03
Maridan® Balsamo Carminativo 3% Solution 30 mL,FDA Advisory No. 2021-1875,2021-08-03
Powerscent White Penetrating Pain Reliever 100 mL,FDA Advisory No. 2021-1876,2021-08-03
Tanglad Haplacious Oil 60 mL,FDA Advisory No. 2021-1876,2021-08-03
Antifebrile Posted [as reflected in the primary packaging],FDA Advisory No. 2021-1877,2021-08-03
Povidine-Iodine (Vetadine) 10% Solution 15 mL,FDA Advisory No. 2021-1878,2021-08-04
Methyl Salicylate Camphor + Menthol (Extra Strenght Kung Fu) 25 mL,FDA Advisory No. 2021-1879,2021-08-04
Methyl Salicylate Camphor + Menthol (Kung Fu) 25 mL,FDA Advisory No. 2021-1879,2021-08-04
Unimex® Uni-Wipe Alcohol Swab 70% Isopropyl Alcohol 100pcs.,FDA Advisory No. 2021-1880,2021-08-03
AOS Health & Beauty Solutions Vegie MaxTM Essential Oil 60 mL,FDA Advisory No. 2021-1881-A,2021-08-05
Prostate Gland Pills (Specific Kai Kit Pill) 90's,FDA Advisory No. 2021-1882,2021-08-05
Narinch Eye Care Eye Relief 15 mL,FDA Advisory No. 2021-1883,2021-08-05
Extra Strong Lana Milagrosa Body Pains,FDA Advisory No. 2021-1884,2021-08-05
Hallelujah Eucalyptus Roll-on Rub 10 mL,FDA Advisory No. 2021-1885,2021-08-05
Coralite Pain Relief Patch Extra Strength Medicated Patch,FDA Advisory No. 2021-1886,2021-08-05
Compound Sulfamethoxazole Tablets - Fufang Huang'an Jia'ezuo Pian,FDA Advisory No. 2021-1887,2021-08-05
Dok F® Eye Solution (Patented Herbal Eyewash) 12 mL,FDA Advisory No. 2021-1921,2021-08-09
OTC Compound Dexamethasone Acetate Cream (Unguentum) 20 g,FDA Advisory No. 2021-1922,2021-08-09
Methyl Salicylate Menthol + Camphor (Shanne Classic Liniment) 60 mL,FDA Advisory No. 2021-1923,2021-08-09
BSI Medicated Plaster,FDA Advisory No. 2021-1926,2021-08-09
Lady Guada Oil of Wintergreen 60 mL,FDA Advisory No. 2021-1927,2021-08-09
"Chlorbutol, Benzocaine & Paradichlorobenzene (WaxsolTM) Ear Drops 10 mL",FDA Advisory No. 2021-1928,2021-08-09
Ofloxacin (Omflox) Ophthalmic Solution U.S.P. Eye/Ear Drops 5 mL,FDA Advisory No. 2021-1928,2021-08-09
"Ofloxacin, Beclomethasone Dipropionate, Clotrimazole, Lignocaine HCl (Otoquad PlusTM) Ear Drops 5 mL",FDA Advisory No. 2021-1928,2021-08-09
"Ofloxacin, Dexamethasone (Omflox-DX) Ophthalmic Solution U.S.P. Eye/Ear Drops 5 mL",FDA Advisory No. 2021-1928,2021-08-09
Tobramycin & Dexamethasone (Tobracin-DM) Ophthalmic Suspension U.S.P. Eye Drops 10 mL,FDA Advisory No. 2021-1928,2021-08-09
Povidone Iodine (Repacked Betadine) 10% solution 60 mL,FDA Advisory No. 2021-1929,2021-08-07
Natural Green Leaf Med Oil 3 mL + 0.5 mL Free,FDA Advisory No. 2021-1930,2021-08-10
Natural Green Leaf® Haplos Green Balm Menthol 10 g,FDA Advisory No. 2021-1930,2021-08-10
Povidone -Iodine (Betadine) 10% Solutio,FDA Advisory No. 2021-1931-A,2021-08-07
Povidone -Iodine (Betadine) 10% Solution,FDA Advisory No. 2021-1931,2021-08-07
Power Scent Herbal Oil Shiatzo Theraphy,FDA Advisory No. 2021-1932,2021-08-07
Aceite De Alcamforado 120 mL,FDA Advisory No. 2021-1933,2021-08-07
MadenTM Povidone –Iodine (Thetadine) 60 mL,FDA Advisory No. 2021-1934,2021-08-07
Povidone-Betadine 30 mL,FDA Advisory No. 2021-1935,2021-08-07
Aceite De Manzanilla (Citro Baby with Citronella) 50 mL,FDA Advisory No. 2021-1968,2021-08-10
Methyl Salicylate + Menthol + Camphor (Citro Herbal Liniment Oil Citronella) 30 mL,FDA Advisory No. 2021-1968,2021-08-10
Escential Liniment A Herbal Massage Oil,FDA Advisory No. 2021-1969,2021-08-10
Miracle Oil Herbal Essence 60 mL,FDA Advisory No. 2021-1969,2021-08-10
Methyl Salicylate Menthol + Camphor (Shanne) Premium Liniment 60 mL,FDA Advisory No. 2021-1970,2021-08-10
OTC Shexiang Qufengshi Gao,FDA Advisory No. 2021-1971,2021-08-10
Kesitah Aromatic Oil For Body Massage 60 mL,FDA Advisory No. 2021-1972,2021-08-10
New! Pito-Pito Healing Spirits Herbal Wonder Oil 60 mL,FDA Advisory No. 2021-1973,2021-08-10
Methyl Salicylate Menthol + Camphor (Manay Sol with Real Panyawan) 60 mL,FDA Advisory No. 2021-1974,2021-08-10
Natural Green Leaf 2 Ways Inhaler (Inhale and Apply),FDA Advisory No. 2021-1975,2021-08-10
Hilbas Liniment Oil 60 mL,FDA Advisory No. 2021-1976,2021-08-10
Global Touch TM Classic Cashew Shell Oil,FDA Advisory No. 2021-1977,2021-08-10
Global Touch TM Pure Cashew Shell Oil,FDA Advisory No. 2021-1977,2021-08-10
IVM15MG0622,FDA Advisory No. 2021-1978,2021-08-10
MEGA We Care Acnotin 10 (Isotretinoin) USP 10 mg,FDA Advisory No. 2021-1979,2021-08-10
Aceite De Alcamforado 15 mL,FDA Advisory No. 2021-1980,2021-08-10
Natural Green Leaf 2 Ways Inhaler (Inhale and Apply),FDA Advisory No. 2021-2015,2021-08-16
Povidone-Iodine (Bethadine) 10% Solution 15 mL,FDA Advisory No. 2021-2015,2021-08-16
Sulfur Soap [Label in Foreign Language],FDA Advisory No. 2021-2016,2021-08-16
Aceite De Manzanilla 100 mL,FDA Advisory No. 2021-2017,2021-08-16
Genuine Magnifiscent Oil New Effective Liniment 50 mL,FDA Advisory No. 2021-2017,2021-08-16
Genuine Mecascent Oil New Power Liniment 50 mL,FDA Advisory No. 2021-2017,2021-08-16
Oil Of Wintergreen 50 mL,FDA Advisory No. 2021-2017,2021-08-16
11in1 Timeless Health & Beauty Turmeric Rub 20 gms,FDA Advisory No. 2021-2018,2021-08-16
GFMQ Paragis Bila-Bila Plus Liniment Oil 30 mL,FDA Advisory No. 2021-2019,2021-08-16
21st Century Slow Release Vitamin C-500 500 mg 60 Tablets,FDA Advisory No. 2021-2020,2021-08-16
Arctic Ice Analgesic Gel Net Wt. 8 Oz (227 g),FDA Advisory No. 2021-2026,2021-08-16
OraLabs® Chap.Ice® Medicated Camphor+Phenol 0.23 Oz (6.5 g),FDA Advisory No. 2021-2026,2021-08-16
Sodium Ascorbate (KingCee) 600 mg Capsule 100's,FDA Advisory No. 2021-2027,2021-08-16
Kutis Meztiza New Generation Liniment Oil 60 mL,FDA Advisory No. 2021-2096,2021-08-26
Pure Herbal Gems Wonder Oil,FDA Advisory No. 2021-2097,2021-08-26
Natural Green Leaf Inhaler 1 g,FDA Advisory No. 2021-2098,2021-08-26
Natural Green Leaf Nasal Inhaler Orange Breeze,FDA Advisory No. 2021-2098,2021-08-26
Fuyou® Miao Formula Qi Yang Jing Herbal Antibacterial Cream 15 g,FDA Advisory No. 2021-2099,2021-08-26
Huatuo® Skin Healthy Frost 15 g,FDA Advisory No. 2021-2099,2021-08-26
Eye Care Refresh Drops 15 mL,FDA Advisory No. 2021-2100,2021-08-26
Conc. Piyenchin Naphazoline HCI Solution 10 mL”,FDA Advisory No. 2021-2122,2021-08-26
Hiyang Liniment Oil with Panyawan 65 mL,FDA Advisory No. 2021-2123,2021-08-26
Wild Tiger Red Flower Oil,FDA Advisory No. 2021-2124,2021-08-26
Iodent® Maximum Strength Oral Analgesic Gel Benzocaine 20% (Oral Pain Reliever) 0.42 Oz (11.9 G)”,FDA Advisory No. 2021-2125,2021-08-26
C Rainbow Agua Oxigenada F.E.U. XIV 10 Vols. Hydrogen Peroxide Solution USP-XIV 60 mL”,FDA Advisory No. 2021-2126,2021-08-26
Povidone-Betadine 15 mL,FDA Advisory No. 2021-2127,2021-08-26
Lapakul Herbal Oil Plus 60 mL,FDA Advisory No. 2021-2128,2021-08-26
Eiffelscent Oil Medicated Oil 25 mL,FDA Advisory No. 2021-2129,2021-08-26
Kingson Herbal Oil 120 mL,FDA Advisory No. 2021-2129,2021-08-26
Methyl Salicylate+Camphor+ Menthol+Eucalyptus Oil (Federal Extreme Turmeric Plus Extra Strength Power Liniment) 15.625 g/ 5.0 g/ 625 mg/ 626 mg per 100 mL 60 mL”,FDA Advisory No. 2021-2130,2021-08-26
Methyl Salicylate + Camphor + Menthol (Bio-Liniment Herbal Plus) 120 mL,FDA Advisory No. 2021-2141,2021-08-26
Dragon Balm® Vapor Inhaler 007 Oz (198 mg),FDA Advisory No. 2021-2142,2021-08-26
75 Glucose tolerance Test Beverage 75G Dextrose Medic Orange 240 mL,FDA Advisory No. 2021-2143,2021-10-25
Beauty and Wellness Clindamycin Cream 2%,FDA Advisory No. 2021-2144,2021-08-26
Beauty and Wellness Erythromycin Solution 2%,FDA Advisory No. 2021-2144,2021-08-26
Beauty and Wellness Hydrocortisone Cream .1%,FDA Advisory No. 2021-2144,2021-08-26
Beauty and Wellness Tretinoin Cream .1%,FDA Advisory No. 2021-2144,2021-08-26
ZJM Essentials Anti-Acne Tretinoin Cream USP 0.05% w/w Cream 0.7 Oz (20g),FDA Advisory No. 2021-2144,2021-08-26
Lagundi Natural Relief which Works Faster 500 mg Capsule 100's,FDA Advisory No. 2021-2145,2021-08-26
Methyl Salicylate (Oil of Wintergreen) 15 mL,FDA Advisory No. 2021-2146,2021-08-26
Methyl Salicylate + Camphor + Menthol (Seed Balite) Liniment 30 mL”,FDA Advisory No. 2021-2207,2021-09-03
GJ Herbal Products Everlasting Herbal Oil,FDA Advisory No. 2021-2248,2021-09-06
Kasoy Oil by Angel Touch,FDA Advisory No. 2021-2248,2021-09-06
Dr. Maxx® Organic Rub 35g”,FDA Advisory No. 2021-2249,2021-09-06
Dano® Tetanus Vaccine (Adsorbed) I.P DANO-TT”,FDA Advisory No. 2021-2250,2021-09-06
Kasoy Oil by Angel Touch (with therapeutic claims) 60 mL”,FDA Advisory No. 2021-2251,2021-09-08
Webber Naturals The Sunshine Vitamins Liquid Softgel D3 1000 IU Softgels 180’s,FDA Advisory No. 2021-2252,2021-09-08
Webber Naturals Vitamin C 500 mg Supports Good Health Vegetarian Capsules 60’s,FDA Advisory No. 2021-2252,2021-09-08
Polar Bear Brand Essential Embrocation”,FDA Advisory No. 2021-2325,2021-09-23
Ginger Rub 25 grams,FDA Advisory No. 2021-2326,2021-09-23
Golden Miracle Olive Oil 45 mL,FDA Advisory No. 2021-2326,2021-09-23
Jes-Ser Oregano Kalabo Plus Premium Rub”,FDA Advisory No. 2021-2327,2021-09-23
"Adenosine Injection, USP 6 mg per 2 mL (3 mg per mL) For Rapid Bolus Intravenous Use 2 mL”",FDA Advisory No. 2021-2328,2021-09-24
Gentian Violet 7.5 mL (0.25 fl Oz)”,FDA Advisory No. 2021-2329,2021-09-24
Asconex Inj. Ascorbic Acid 500 mg/mL,FDA Advisory No. 2021-2330,2021-09-24
Glutaone Inj. 1200 mg,FDA Advisory No. 2021-2330,2021-09-24
Lipotocin Inj.,FDA Advisory No. 2021-2330,2021-09-24
FLD Herbal Product Barley Healing Rub,FDA Advisory No. 2021-2346,2021-09-27
Jap-Stick Embrocation,FDA Advisory No. 2021-2346,2021-09-27
Groom & Brew (Minoxidil),FDA Advisory No. 2021-2347,2021-09-27
Minoxidil (Strands) Hair Regrowth Treatment 6% Topical Solution 60 mL,FDA Advisory No. 2021-2347,2021-09-27
Equaline® 3% USP Hydrogen Peroxide Topical Solution 16 fl oz (1pt) 473 mL”,FDA Advisory No. 2021-2348,2021-09-27
Actemra® Tocilizumab 400 mg/ 20 mL,FDA Advisory No. 2021-2406,2021-10-04
Actemra® Tocilizumab 400 mg/ 20 mL [Label in foreign language],FDA Advisory No. 2021-2406-A,2021-10-04
Zynergia Super Natural Drops 60 mL,FDA Advisory No. 2021-2408,2021-10-15
KANG Bingdukoufuye 10 mL,FDA Advisory No. 2021-2410,2021-10-15
OTC Ji Lin Ao Dong Anshenbunaoye,FDA Advisory No. 2021-2410,2021-10-15
The Herb Antibacterial Gel 5g,FDA Advisory No. 2021-2410,2021-10-15
MV-Moringa Organic Superior Liniment,FDA Advisory No. 2021-2411,2021-10-11
OTC Fengyoujing,FDA Advisory No. 2021-2412,2021-10-11
OTC Ganmao Zhike Keli,FDA Advisory No. 2021-2413,2021-10-15
OTC Gushukang Keli,FDA Advisory No. 2021-2413,2021-10-15
OTC Tianqi Tongjing Jiaonang,FDA Advisory No. 2021-2413,2021-10-15
OTC Aciclovir Cream – Axiluo Wei Rungao [as reflected in the package insert],FDA Advisory No. 2021-2414,2021-10-14
OTC Triamcinolone Acetonide and Econazole Nitrate Cream [as reflected in the package insert],FDA Advisory No. 2021-2414,2021-10-14
"The Trip Home, Four Essential 60 mL",FDA Advisory No. 2021-2414,2021-10-14
Enoxaparin Sodium Injection IP (Rosinox-60) 60 mg / 0.6 ml Pre-filled Syringe”,FDA Advisory No. 2021-2415,2021-10-11
"Jimingtang [phel lodendrn amurenserupr], [Chrysanthemum indicum L.], Fischer Euphorbia Root], [sophora flavescens], [latin title], [cnidium monnieri(L)cuss], Dryobalanops spp], [Mentha canadaensis L] [as reflected in the package insert]",FDA Advisory No. 2021-2416,2021-10-14
OTC Dextromethorphan Hydrobromide Tablet,FDA Advisory No. 2021-2416,2021-10-14
OTC Xuhanting Keli [as reflected in the package insert],FDA Advisory No. 2021-2416,2021-10-14
Menthol + Orange Oil New VBC MoringaTM Herbal Liniment with Real Moringa Granules & Essential Oil,FDA Advisory No. 2021-2460,2021-10-19
New! Era Luyang Dilaw Supreme Liniment Turmeric + Moringa Mixed with Red Palm Oil & Orange Zest,FDA Advisory No. 2021-2460,2021-10-19
Naturesplus® Vitamin C Children’s Chewable Supplement with Whole Food Concentrates Natural Orange Juice Flavor Source of Life® Animal Parade 90 Animal-Shaped Tablets”,FDA Advisory No. 2021-2461,2021-10-19
OTC Qingkailing Koufuye 10 mL [as reflected in the package insert],FDA Advisory No. 2021-2495,2021-10-20
OTC Wusulijiang Tianma Toutong Pian,FDA Advisory No. 2021-2495,2021-10-20
Transfer Factor Oral Solution 10 mL,FDA Advisory No. 2021-2495,2021-10-20
OTC FAREVER Vitamin B6 and Fluocinonide Cream Fuqingsong Wei B6 Rugao [as reflected in the primary packaging],FDA Advisory No. 2021-2496,2021-10-20
OTC Pugongying Keli,FDA Advisory No. 2021-2496,2021-10-20
OTC TAIJI® Chuanbei Pipa Tangjiang,FDA Advisory No. 2021-2496,2021-10-20
JIULIANSHAN Fufang Dantong Pian,FDA Advisory No. 2021-2497,2021-10-20
OTC Colloidal Bismuth Pectin Capsules,FDA Advisory No. 2021-2497,2021-10-20
Tabellae Clinopodii 0.3g Tablets,FDA Advisory No. 2021-2497,2021-10-20
LVSAN® Zhibishi Chitosan Gel 15g,FDA Advisory No. 2021-2498,2021-10-20
OTC Changkang Pian,FDA Advisory No. 2021-2498,2021-10-20
Xiaoyan Zhike Pian,FDA Advisory No. 2021-2498,2021-10-20
"OTC Northeast Pharm Bacillus Licheniformis Capsule, Live-Diyiyabaoganjun Huojun Jiaonang [as reflected in the package insert]",FDA Advisory No. 2021-2499,2021-10-20
OTC Si Ji Gan Mao Pian,FDA Advisory No. 2021-2499,2021-10-20
OTC Tongbianling Jiaonang,FDA Advisory No. 2021-2499,2021-10-20
JFKPG Yaotongning Jiaonang 10 mL,FDA Advisory No. 2021-2500,2021-10-20
KFT-L [Label in Foreign Language],FDA Advisory No. 2021-2500,2021-10-20
Q® Amoxicillin Granules 0.125 g,FDA Advisory No. 2021-2500,2021-10-20
OTC NINGJU Yupingfeng Kuofuye,FDA Advisory No. 2021-2501,2021-10-20
"ShenglingcaoTM Pseudolarix Kamepferi Gord., Angelica Dahurica (Fisch. Ex Hoffm.), Polygonum Cuspidatum Sieb. Et Zucc., Coptis Chinensis Franch., Asarum Sieboldii Miq., Magnolia Denudata Desr., Panax Notoginseng (Burk.) F.H. Chen, Carthamus Tinctorius L 60 mL",FDA Advisory No. 2021-2501,2021-10-20
Tong Feng Shu Pian,FDA Advisory No. 2021-2501,2021-10-20
JT Butianling Pian,FDA Advisory No. 2021-2502,2021-10-20
OTC Naphazoline Hydrochloride Chlorphenamine Maleate and Vitamin B12 Eye Drops,FDA Advisory No. 2021-2502,2021-10-20
OTC YAN FENG® Gen Tong Ping Pian,FDA Advisory No. 2021-2502,2021-10-20
BAOBAOYITIELING Dingguierqitie,FDA Advisory No. 2021-2503,2021-10-20
HENGDI® Xiao Zhi Shuan,FDA Advisory No. 2021-2503,2021-10-20
OTC AOBO Yanyan Pian [as reflected in the package insert],FDA Advisory No. 2021-2503,2021-10-20
Jingu Zhi Tong Gao,FDA Advisory No. 2021-2516,2021-10-21
OTC Feining Keli [as reflected in the package insert],FDA Advisory No. 2021-2516,2021-10-21
OTC Ganmao Ruanjiaonang [as reflected in the package insert],FDA Advisory No. 2021-2516,2021-10-21
CHERISH Sodium Chloride Injection 10 mL: 90 mg,FDA Advisory No. 2021-2517,2021-10-21
Compound Bergenin Tablets,FDA Advisory No. 2021-2517,2021-10-21
OTC Muxiang Shunqi Wan,FDA Advisory No. 2021-2517,2021-10-21
OTC Fuke Tiaojing Pian,FDA Advisory No. 2021-2518,2021-10-21
OTC Fuqingsong Wei B6 Rugao 30 g,FDA Advisory No. 2021-2518,2021-10-21
OTC Qinghuo Zhimai Pian,FDA Advisory No. 2021-2518,2021-10-21
OTC Longdan Xiegan Wan,FDA Advisory No. 2021-2519,2021-10-21
OTC Qijudihuangwan,FDA Advisory No. 2021-2519,2021-10-21
OTC Tongqiao Biyan Pian,FDA Advisory No. 2021-2519,2021-10-21
OTC LS® BL OTC LS® BL Compound Ketoconazole Cream – Fufang Tongkangzuo Ruangao [as reflected in the package insert]”,FDA Advisory No. 2021-2520,2021-10-25
Baixuankening 15 g,FDA Advisory No. 2021-2521,2021-10-21
Baobaoweifugao 15 g,FDA Advisory No. 2021-2521,2021-10-21
OTC Fengre Ganmao Keli [as reflected in the package insert],FDA Advisory No. 2021-2521,2021-10-21
Sanqi Shangyao Pian [as reflected in the package insert],FDA Advisory No. 2021-2522,2021-10-21
Yunkang Koufuye 20 mL,FDA Advisory No. 2021-2522,2021-10-21
Zhuifeng Huoxue Gao [as reflected in the package insert],FDA Advisory No. 2021-2522,2021-10-21
OTC Jisheng Ankahuang Minjiaonang,FDA Advisory No. 2021-2523,2021-10-22
Quanjianafu Yijun Essential Oil Used For Body 250 mL,FDA Advisory No. 2021-2523,2021-10-22
Baizi Yangxin Wan [as reflected in the package insert],FDA Advisory No. 2021-2524,2021-10-22
OTC Metronidazole Vaginal Effervescent Tablets Jiaxiaozuo yindao Paoteng Pian [as reflected in the package insert],FDA Advisory No. 2021-2524,2021-10-22
"Ping Xiang Is Healthy Sophora Flavescens, Stemona Sessilifoli Miq., Cortex Dictamni, Fructus Cnidii, Fructus Kochiae Scopariae, Rhus Chinensis Mill., Heracleum Hemsleyanum Diels 20 g [as reflected in the package insert]",FDA Advisory No. 2021-2524,2021-10-22
OTC Heng Di Fenghan Ganmao Keli,FDA Advisory No. 2021-2525,2021-10-22
OTC JIULIANSHAN Shenqu Weitong Jiaonang,FDA Advisory No. 2021-2525,2021-10-22
OTC Metronidazole Vaginal Effervescent Tablets,FDA Advisory No. 2021-2525,2021-10-22
OTC PEIDU® Yinhuang Capsules,FDA Advisory No. 2021-2526,2021-10-22
OTC Qingre Anchuang Wan [as reflected in the package insert],FDA Advisory No. 2021-2526,2021-10-22
OTC Yangxue Anshen Pian,FDA Advisory No. 2021-2526,2021-10-22
10 mL [Label in Foreign Language],FDA Advisory No. 2021-2527,2021-10-22
OTC JZJT Fufang Cao Shan Hu Han Pian,FDA Advisory No. 2021-2527,2021-10-22
Zhi Tong Hua Zheng Jiao Nang 0.3 g Tablet,FDA Advisory No. 2021-2527,2021-10-22
AndrocurTM Cyproterone Acetate 50 mg Tablet 50’s,FDA Advisory No. 2021-2571,2021-10-26
Estrofem® Estradiol 2 mg Film-Coated Tablet,FDA Advisory No. 2021-2571,2021-10-26
OC-35 Cyproterone Acetate / Ethinylestradiol 2 mg / 0.035 mg Tablet,FDA Advisory No. 2021-2571,2021-10-26
Label in Foreign Language® -35 21 Tabs,FDA Advisory No. 2021-2572,2021-10-26
Phenokinon “F” Injection 3 Ampoules x 1 cc.,FDA Advisory No. 2021-2572,2021-10-26
Proluton Depot (Hydroxyprogesterone caproate) 250 mg 3 Amp. of 1 mL,FDA Advisory No. 2021-2572,2021-10-26
Androcur® 100 mg Tablet Siproteron asetat,FDA Advisory No. 2021-2573,2021-10-26
Depo Monat Vial of 0.5 mL,FDA Advisory No. 2021-2573,2021-10-26
Oestradiol Benzoate Injection Oestrogen 10x1mL,FDA Advisory No. 2021-2573,2021-10-26
Progynova® 2 mg Tablet,FDA Advisory No. 2021-2573,2021-10-26
Cebo De Macho 1/4 Oz”,FDA Advisory No. 2021-2585,2021-10-28
MW Miracle White Cyanocobalamin 250 mg 2 mL Amp for IV Infusion Only,FDA Advisory No. 2021-2591,2021-11-04
MW Miracle White Melanin Inhibitor 500 mg 2 mL Amp for IV Infusion Only,FDA Advisory No. 2021-2591,2021-11-04
MW Miracle White Thioctic Acid 700 mg 2 mL Amp for IV Infusion Only,FDA Advisory No. 2021-2591,2021-11-04
0.9% Sodium Chloride 100 mL,FDA Advisory No. 2021-2592,2021-11-04
Kanolone Injection 5 mL,FDA Advisory No. 2021-2592,2021-11-04
Aethoxysklerol 3% Solution for Injection 2 mL,FDA Advisory No. 2021-2593,2021-11-04
Laroscorbine Platinum® Vitamin C 2.5 gm Collagen 1.5 gm Solution Injectable 5 mL,FDA Advisory No. 2021-2593,2021-11-04
MW Miracle White Multivitamin 700 mg 2 mL Amp for IV Infusion Only,FDA Advisory No. 2021-2593,2021-11-04
Anti-Fibrinolyn 5 mL,FDA Advisory No. 2021-2594,2021-11-04
Solvent for Glutathione 5 mL,FDA Advisory No. 2021-2594,2021-11-04
[Label in Foreign Language] 2 mL,FDA Advisory No. 2021-2594,2021-11-04
EPHIC Aceite De Alcamforado 25 mL,FDA Advisory No. 2021-2636,2021-11-05
Ephic Aceite De Manzanilla 50 mL,FDA Advisory No. 2021-2636,2021-11-05
Methyl Salicylate Camphor + Menthol (Electruscent Oil) 25 mL,FDA Advisory No. 2021-2636,2021-11-05
Methyl Salicylate Oil of Wintergreen 25 mL,FDA Advisory No. 2021-2636,2021-11-05
Methyl Salicylate Camphor + Menthol (Megaplus®) Herbal Oil The Better Oil 30 mL”,FDA Advisory No. 2021-2658,2021-11-12
Marvel Avengers AssembleTM First Aid Kit”,FDA Advisory No. 2021-2659,2021-11-12
Member’s Mark® Super B-Complex With 1000 mcg Biotin Tablet 300’s,FDA Advisory No. 2021-2660,2021-11-12
Member’s Mark® Vitamin E 400 IU Softgel Capsule 500’s,FDA Advisory No. 2021-2660,2021-11-12
Webber Naturals® Vitamin E Clear Base 400 IU Softgel Capsule 300’s,FDA Advisory No. 2021-2660,2021-11-12
The Daily Wellness Company Fertility Blend® for Women 90 Veggie Capsules,FDA Advisory No. 2021-2661,2021-11-12
"Trusted Since 1972 Windmill Natural Vitamins A-10,000 100 Softgels",FDA Advisory No. 2021-2661,2021-11-12
Trusted Since 1972 Windmill Natural Vitamins Chewable C-500 (Ascorbic Acid & Sodium Ascorbate),FDA Advisory No. 2021-2661,2021-11-12
Aciete de Manzanilla 25 mL,FDA Advisory No. 2021-2705,2021-11-12
Benzalkonium Chloride (Benzellin) 0.13% Tinctue 10 mL,FDA Advisory No. 2021-2705,2021-11-12
Benzalkonium Chloride (Benzellin) 0.13% Tincture 25 mL,FDA Advisory No. 2021-2705,2021-11-12
Ephic Aceite De Manzanilla 25 mL,FDA Advisory No. 2021-2705,2021-11-12
Mesocontour Sterile 10 mL Vial”,FDA Advisory No. 2021-2706,2021-11-12
Centeno’s Herbal Products Miracle Healing Oil 60 mL”,FDA Advisory No. 2021-2707-A,2021-11-12
DK® Thyroid Gland Care Capsule 50’s,FDA Advisory No. 2021-2708,2021-11-12
Huo Lu Medicated Oil 50 mL,FDA Advisory No. 2021-2708,2021-11-12
Jinjinluo Oil 45 mL [Translated in English],FDA Advisory No. 2021-2708,2021-11-12
Thyrotreat Thyroid Gland Tablet,FDA Advisory No. 2021-2708,2021-11-12
YRT® Yu Ren Tang New Fast-Act Rheumatism Capsule 2020 15’s,FDA Advisory No. 2021-2708,2021-11-12
Tianyao® Fluocinonide Ointment (Frostlike) 10 g:2.5 mg”,FDA Advisory No. 2021-3062,2021-11-26
Makabuhay Herbal Oil Panyawan Liniment Herbal Oil Strong Green 60 mL”,FDA Advisory No. 2021-3063,2021-11-26
Povidone Iodine 10% Solution 15 mL”,FDA Advisory No. 2021-3064,2021-11-26
Tiger Balm® Neck & Shoulder Rub Boost 50 gram”,FDA Advisory No. 2021-3065,2021-11-26
bett® Tetanus Vaccine (Adsorbed) I.P.”,FDA Advisory No. 2021-3066,2021-11-26
Menthol Crystal + Camphor + Methyl Salicylate (Palmera Oil) 60 mL”,FDA Advisory No. 2021-3067,2021-11-26
Azithromycin Dispersible Tablets 0.25g,FDA Advisory No. 2021-3070,2021-11-26
Moxifloxacin Hydrochloride Tablets (Avelox®) 0.4 g [in foreign language],FDA Advisory No. 2021-3070,2021-11-26
Pabron Granules,FDA Advisory No. 2021-3070,2021-11-26
Shisiyao® Arbidol Hydrochloride Capsules,FDA Advisory No. 2021-3070,2021-11-26
OTC C H51020251 [Label in foreign language],FDA Advisory No. 2021-3071,2021-11-26
OTC Tylenol® Extended Release Caplet 6’s,FDA Advisory No. 2021-3071,2021-11-26
Rengongniuhuang Jiaxiaozou Jiaonang,FDA Advisory No. 2021-3071,2021-11-26
Succhi® Chloroquine Phosphate Tablets 0.25 g,FDA Advisory No. 2021-3071,2021-11-26
Safe® care Aromatherapy Refreshing Oil Minyak Angin Roll on 10 mL”,FDA Advisory No. 2021-3079,2021-11-26
Fucidin® Ointment 5 g [Label in Foreign Language],FDA Advisory No. 2021-3080,2021-11-26
Fluocinonide Cream 20 g: 5 mg Cream,FDA Advisory No. 2021-3081,2021-11-26
San Sierra Herbal Oil (Mint Fresh) 60 mL,FDA Advisory No. 2021-3081,2021-11-26
Carry F.A® inj. (L-Carnitine) 0.2 g/1 mL 5 mL,FDA Advisory No. 2021-3082,2021-11-26
Injection of Vitamin B Complex with Vitamin B12 Polybion® for Intramuscular or Slow Intravenous Injection 2 mL,FDA Advisory No. 2021-3082,2021-11-26
Tetanus Vaccine (Adsorbed) I.P. 0.5 ml (Single Dose) Ampoule,FDA Advisory No. 2021-3082,2021-11-26
L-Carn® Wirkstoff: L-Carnitin 5 g Ampullen 5 mL,FDA Advisory No. 2021-3083,2021-11-26
Laroscorbine Platinum PN® Solution Injectable I.V.,FDA Advisory No. 2021-3083,2021-11-26
V-C Injection for I.M./I.V. Injection 2 mL,FDA Advisory No. 2021-3083,2021-11-26
OTC Hydrotalcite Chewable Tablets,FDA Advisory No. 2021-3199,2021-12-06
OTC San Huang Pian,FDA Advisory No. 2021-3199,2021-12-06
Shexiang Jiegu Jiaonang [as reflected in the package insert],FDA Advisory No. 2021-3199,2021-12-06
Levonorgestrel and Quinestrol Tablets – Zuoquenuoyuntong Quecimi Pian [as reflected in the package insert],FDA Advisory No. 2021-3200,2021-12-06
NOXA 20 Piroxicam 20 mg Capsule,FDA Advisory No. 2021-3200,2021-12-06
Tian Yang® Metronidazole Suppositories – Jiaxiaozuo Shuan [as reflected in the package insert],FDA Advisory No. 2021-3200,2021-12-06
OTC Hamen Difenidol Hydrochloride Tablets,FDA Advisory No. 2021-3201,2021-12-06
OTC Longdan Xiegan Wan,FDA Advisory No. 2021-3201,2021-12-06
OTC Vitamin E 100 mg Soft Capsules,FDA Advisory No. 2021-3201,2021-12-06
Menthol (New VBC Moringa® ) Massage Oil with Real Moringa Granules 60 mL”,FDA Advisory No. 2021-3202,2021-12-06
OTC Livzon H10900086 [Label in Foreign Language],FDA Advisory No. 2021-3203,2021-12-06
OTC Tongxuan Lifei Wan,FDA Advisory No. 2021-3203,2021-12-06
[Label in Foreign Language] 100 mg,FDA Advisory No. 2021-3203,2021-12-06
OTC 999® Xiao’er Ganmao Keli [as reflected in the primary packaging],FDA Advisory No. 2021-3204,2021-12-06
OTC gsk CN 942884 [Label In Foreign Language],FDA Advisory No. 2021-3204,2021-12-06
Rabeprazole Sodium 10 mg Enteric-coated Tablets,FDA Advisory No. 2021-3204,2021-12-06
Actemra® Tocilizumab 400 mg/ 20 mL,FDA Advisory No. 2021-3205,2021-12-06
Collabeau Korean Collagen Better Skin from Water Dietary Supplement Capsules 60’s,FDA Advisory No. 2021-3206,2021-12-06
"Glutax® Shiny-Glow EGF Cytokines Complexion Cell Rejuvenation Process 10,000 D Softgels 60’s",FDA Advisory No. 2021-3206,2021-12-06
AndrocurTM Siproteron asetat 50 mg Tablet,FDA Advisory No. 2021-3207,2021-12-06
Adapalene Gel 15 g [Label in Foreign Language],FDA Advisory No. 2021-3302,2021-12-13
OTC Yu Hu Pai Metronidazole Gel,FDA Advisory No. 2021-3302,2021-12-13
Wujigao Compositus Mentholi Cream 10 g,FDA Advisory No. 2021-3302,2021-12-13
Dexamethasone Sodium Phosphate Injection I.P. Dexacan 4 mg/mL,FDA Advisory No. 2021-3303,2021-12-13
Favipiravir Tablets Feravir-800 800 mg Tablet,FDA Advisory No. 2021-3303,2021-12-13
Glutathione (Saluta®) 600mg/Vial Reduced Glutathione Powder for Injection,FDA Advisory No. 2021-3303,2021-12-13
Baricitinib Tablets BarikindTM 4 4 mg 14’s,FDA Advisory No. 2021-3304,2021-12-13
Favicovir Favipiravir 200 mg Film Kapli Tablet 40’s,FDA Advisory No. 2021-3304,2021-12-13
L-Carn® 5 g I.V. 5 mL,FDA Advisory No. 2021-3304,2021-12-13
Hair Tonic 15% Minoxidil + Finasteride ++ (Vitamin A + Collagen + Others),FDA Advisory No. 2021-3306,2021-12-14
Minoxteride 20% Hair Growth Solution 35 mL,FDA Advisory No. 2021-3306,2021-12-14
DHC [Label in Foreign Language],FDA Advisory No. 2021-3307,2021-12-14
Estradiol Valerate Injection USP Progynon® Depot 10 mg/mL 10 amps 1 mL,FDA Advisory No. 2021-3307,2021-12-14
Prosexol Tablets TZ316 0.5 mg Tablets,FDA Advisory No. 2021-3307,2021-12-14
Misoprostol Tablets,FDA Advisory No. 2021-3375-A,2021-12-18
OTC Erlong Zuoci Wan 9 g,FDA Advisory No. 2021-3375-A,2021-12-18
Xianzhu Li 10 mL,FDA Advisory No. 2021-3375-A,2021-12-18
Cefixime Dispersible Tablets 100 mg 6’s,FDA Advisory No. 2021-3376-A,2021-12-18
Dopamine Hydrochloride Injection 2 mL : 20 mg,FDA Advisory No. 2021-3376-A,2021-12-18
Jiaolaodapenji 30 mL,FDA Advisory No. 2021-3376-A,2021-12-18
Misoprostol Tablets,FDA Advisory No. 2021-3377,2021-12-18
OTC Erlong Zuoci Wan 9 g,FDA Advisory No. 2021-3377,2021-12-18
Xianzhu Li 10 mL,FDA Advisory No. 2021-3377,2021-12-18
Cefixime Dispersible Tablets 100 mg 6’s,FDA Advisory No. 2021-3378,2021-12-18
Dopamine Hydrochloride Injection 2 mL : 20 mg,FDA Advisory No. 2021-3378,2021-12-18
Jiaolaodapenji 30 mL,FDA Advisory No. 2021-3378,2021-12-18
DIKANG Jinqiancao Keli 10 g [as reflected in the secondary packaging],FDA Advisory No. 2021-3379,2021-12-17
OTC DEHUI® Tian Ma Su Pian,FDA Advisory No. 2021-3379,2021-12-17
OTC Ephedrine Hydrochloride and Nitrofurazone Nasal Drops 10 mL,FDA Advisory No. 2021-3379,2021-12-17
Chlorpromazine Hydrochloride Injection 1 mL : 25mg [Label in Foreign Language],FDA Advisory No. 2021-3380,2021-12-17
Guizhi Fuling Jiaonang,FDA Advisory No. 2021-3380,2021-12-17
Sodium Chloride Injection 0.9% 100 mL [Label in Foreign Language],FDA Advisory No. 2021-3380,2021-12-17
Bayer Progynova® [Label in Foreign Language],FDA Advisory No. 2021-3472,2021-12-19
Metoclopramide Tablets [Label in Foreign Language],FDA Advisory No. 2021-3472,2021-12-19
Qianlie Shule Jiaonang,FDA Advisory No. 2021-3472,2021-12-19
Brilliant Itraconazole Capsules 0.1g,FDA Advisory No. 2021-3488,2021-12-18
OTC Loratadine Tablets [Label in Foreign Language],FDA Advisory No. 2021-3488,2021-12-20
Otsuka Ambroxol Hydrochloride Capsules 30 mg,FDA Advisory No. 2021-3488,2021-12-18
DUB® Glucose Injection 5% 100 mL: 5 g [Label in Foreign Language],FDA Advisory No. 2021-3489,2021-12-20
Lb® Propofol Injectable Emulsion 10 mL: 0.1 g [Label in Foreign Language,FDA Advisory No. 2021-3489,2021-12-20
Yansuanl Iduokay In Zhusheye (Rongjiyong),FDA Advisory No. 2021-3489,2021-12-20
OTC Front Aciclovir Cream,FDA Advisory No. 2021-3490-A,2021-12-20
OTC Ibuprofen Sustained-Release Capsules,FDA Advisory No. 2021-3490-A,2021-12-20
OTC Yunnan Baiyao Ding,FDA Advisory No. 2021-3490-A,2021-12-20
Gold Seagull® Concentrated Powerful Fargelin 0.25 g Tablet 36’s,FDA Advisory No. 2021-3491,2021-12-20
OTC Nodse Bushen Qiangshen Pian,FDA Advisory No. 2021-3491,2021-12-20
Pai Shi Ke Li,FDA Advisory No. 2021-3491,2021-12-20
OTC Front Aciclovir Cream,FDA Advisory No. 2021-3492,2021-12-20
OTC Ibuprofen Sustained-Release Capsules,FDA Advisory No. 2021-3492,2021-12-20
OTC Yunnan Baiyao Ding,FDA Advisory No. 2021-3492,2021-12-20
Adenosine Disodium Triphosphate Injection 2 mL : 20 mg,FDA Advisory No. 2021-3493,2021-12-20
Midecamycin Tablets 0.1g 100’s,FDA Advisory No. 2021-3493,2021-12-20
OTC Vitamin E Soft Capsules [Label in Foreign Language],FDA Advisory No. 2021-3493,2021-12-20
Dawnrays Cefixime 50 mg Tablets,FDA Advisory No. 2021-3494,2021-12-20
Nuofushaxing Jiaonang,FDA Advisory No. 2021-3494,2021-12-20
Xiaoyan Lidan Pian,FDA Advisory No. 2021-3494,2021-12-20
Atropine Sulfate Injection 1 mL: 0.5 mg [Label in Foreign Language],FDA Advisory No. 2021-3495,2021-12-18
Lansoprazole Enteric-Coated Tablets 15 mg [Label in Foreign Language],FDA Advisory No. 2021-3495,2021-12-18
OTC Yili Cimetidine Tablets -Ximitiding Pian,FDA Advisory No. 2021-3495,2021-12-18
Aqimeisu Keli 0.1 g Granules,FDA Advisory No. 2021-3496,2021-12-18
Dawnrays Ampicillin Capsules 0.25g,FDA Advisory No. 2021-3496,2021-12-18
Guizhifuling Wan,FDA Advisory No. 2021-3496,2021-12-18
OTC Domperidone Tablets 30’s,FDA Advisory No. 2021-3497,2021-12-18
OTC Xiao Chai Hu Ke Li,FDA Advisory No. 2021-3497,2021-12-18
Qing Yi Ling Dan Ke Li,FDA Advisory No. 2021-3497,2021-12-18
Compound Pholcodine Syrup 100 mL,FDA Advisory No. 2021-3498,2021-12-18
Kang Gong Yan Pian,FDA Advisory No. 2021-3498,2021-12-18
Norfloxacin Capsules 0.1 g [Label in Foreign Language],FDA Advisory No. 2021-3498,2021-12-18
CCPC® Roxithromycin Capsules 150 mg,FDA Advisory No. 2021-3499,2021-12-18
OTC E’ OPEN° Ambroxol Hydrochloride Oral Solution,FDA Advisory No. 2021-3499,2021-12-18
OTC San Huang Pian,FDA Advisory No. 2021-3499,2021-12-18
Jucishan® Dexamethason Sodium Phosphate Injection 1 mL : 2mg,FDA Advisory No. 2021-3500,2021-12-18
Lidocaine Hydrochloride Injection 5 mL: 0.1g [Label in Foreign Language],FDA Advisory No. 2021-3500,2021-12-18
Mifepristone Tablets 25 mg,FDA Advisory No. 2021-3500,2021-12-18
Kanerga® Xinshenghua Keli 6 g [as reflected in the package insert],FDA Advisory No. 2021-3529,2022-01-02
Policresulen Suppositories 90 mg: 3 g,FDA Advisory No. 2021-3529,2022-01-02
Zhisuning Pian,FDA Advisory No. 2021-3529,2022-01-02
CISEN® Ambroxol Hydrochloride and Sodium Chloride Injection 100 mL,FDA Advisory No. 2021-3530,2022-01-02
Meheco Clindamycin Phosphate for Injection – Zhusheyong Kelinmeisu Linsuanzhi 0.3 g [as reflected in the package insert],FDA Advisory No. 2021-3530,2022-01-02
Xinshenghuakeli 6 g,FDA Advisory No. 2021-3530,2022-01-02
H20052154 0.3 g [Label in Foreign Language],FDA Advisory No. 2021-3531,2022-01-03
OTC Loratadine Granules – Lu Leitading Keli 5 mg [as reflected in the package insert],FDA Advisory No. 2021-3531,2022-01-03
OTC Pentoxyverine Citrate Tablets – Juyuansuan Pentuoweilin Pian [as reflected in the package insert],FDA Advisory No. 2021-3531,2022-01-03
OTC Clotrimazole Cream – Kemeizuo Rugao [as reflected in the package insert],FDA Advisory No. 2021-3532,2022-01-03
OTC Nodse Maren Wan [as reflected in the package insert],FDA Advisory No. 2021-3532,2022-01-03
Testosterone Undecanoate Injection 2 mL: 0.25 g,FDA Advisory No. 2021-3532,2022-01-03
OTC Ditong Biyan Shui [as reflected in the package insert],FDA Advisory No. 2021-3533,2022-01-03
Rifampicin Capsules,FDA Advisory No. 2021-3533,2022-01-03
Roxithromycin Tablets 150 mg [as reflected in the package insert],FDA Advisory No. 2021-3533,2022-01-03
ATE EDITHS Banana Chips,FDA Advisory No. 2021-3534,2022-01-03
KACHIMOGO Cucumber Sauce,FDA Advisory No. 2021-3534,2022-01-03
MARGIES FILIPINO PASTRIES Biscocho,FDA Advisory No. 2021-3534,2022-01-03
RICO Bubble Milk Tea Drink Taro Flavor,FDA Advisory No. 2021-3534,2022-01-03
Broncure 60 mL,FDA Advisory No. 2021-3548,2021-12-22
Iron + Lysine + B-Complex (Papi Iron Plus) 120 mL,FDA Advisory No. 2021-3548,2021-12-22
"Sambong, Omega-3 & Potassium Citrate (Renacure) Kidney Supplement 60 mL",FDA Advisory No. 2021-3548,2021-12-22
Silymarin + Docosahexaenoic Acid + L-Carnitine (Papi Livwell) Dietary Herbal Supplement 60 mL,FDA Advisory No. 2021-3548,2021-12-22
Sodium Ascorbate & Calcium Ascorbate (Nacalvit-C) 120 mL,FDA Advisory No. 2021-3548,2021-12-22
Veko Lactic Acid and Salicylic Acid CL-EarTM Cleanser 100 mL”,FDA Advisory No. 2021-3609,2022-01-14
Benzalkonium Chloride (Benzellin) 0.13% Tincture 5 mL”,FDA Advisory No. 2021-3610,2022-01-14
Firstaid Caring for Life Antiseptic Povidone-Iodine Prep Pads Medium 100's,FDA Advisory No. 2021-3611,2022-01-14
Firstaid Caring for Life Antiseptic Povidone-Iodine Prep Pads Medium 100's”,FDA Advisory No. 2021-3611-A,2022-01-14
Compound Ammonium Glycyrrhizinate Injection – Fufang Gancaosuan,FDA Advisory No. 2021-3627,2022-01-28
OTC Urea Cream – Niaosu Rugao [as reflected in the package insert],FDA Advisory No. 2021-3627,2022-01-28
Yishenling Keli [as reflected in the package insert],FDA Advisory No. 2021-3627,2022-01-28
OTC She Xiang Zhuang Gu Gao,FDA Advisory No. 2021-3628,2022-02-24
OTC Sislan® Methenamine Solution – Wuluotuopin Rongye [as reflected in the package insert],FDA Advisory No. 2021-3628,2022-02-24
OTC Xiaochaihu Keli,FDA Advisory No. 2021-3628,2022-02-24
Dahongying Raceanisodamine Hydrochloride Injection 1 mL: 5 mg,FDA Advisory No. 2021-3629,2022-02-24
Tiandi® Fufang Anlin Babituo Zhusheye 2 mL,FDA Advisory No. 2021-3629,2022-02-24
Zhenyuan® Nysfungin Tablets,FDA Advisory No. 2021-3629,2022-02-24
Baofukang Shuan [as reflected in the package insert],FDA Advisory No. 2021-3630,2022-02-28
Gentamicin Sulfate Injection – Liusuan Qingdameisu Zhusheye 150 mg,FDA Advisory No. 2021-3630,2022-02-28
SBOND Metformin Hydrochloride Sustained- Release Tablets Yansuan Er Jiashuanggua Huanshi Pian [as reflected in the package insert],FDA Advisory No. 2021-3630,2022-02-28
OTC Fufang Yizhihuanghua Penwuji [as reflected in the package insert],FDA Advisory No. 2021-3631,2022-02-28
Potassium Sodium Dehydroandrographolide Succinate for Injection – Zhusheyong Yanhuning 80 mg [as reflected in the package insert],FDA Advisory No. 2021-3631,2022-02-28
Promethazine Hydrochloride Injection 1 mL:25 mg,FDA Advisory No. 2021-3631,2022-02-28
Buscopan® Tablets (Hyoscine Butylbromide) 10 mg Sugar-Coated Tablet (in foreign language),FDA Advisory No. 2021-3641,2022-01-14
Clatidyne Loratadine 10 mg Tablet (in foreign language),FDA Advisory No. 2021-3641,2022-01-14
Stugeron (Cinnarizine) 25 mg Tablet (in foreign language),FDA Advisory No. 2021-3641,2022-01-14
TO Roxithromycin Roxthrin 150 mg Tablet (in foreign language),FDA Advisory No. 2021-3641,2022-01-14
TO Sobelin Flunarizine 5 mg (in foreign language),FDA Advisory No. 2021-3641,2022-01-14
Eucalyptus Oil 15 mL,FDA Advisory No. 2022-0007,2022-01-18
Menthol Salicylate (Oil of Wintergreen) 25 mL,FDA Advisory No. 2022-0007,2022-01-18
Povidine-Iodine (Bethadine) 10% Solution 15 mL,FDA Advisory No. 2022-0007,2022-01-18
Menthol + Eucalyptus Oil (Ugat Rub),FDA Advisory No. 2022-0009,2022-01-18
Ugat Ginger Pain Reliever,FDA Advisory No. 2022-0009,2022-01-18
MD® Skin Figther 15 g,FDA Advisory No. 2022-0026,2022-02-02
Gluta Lipo Brand ProteCtZ Vitamin C + Zinc 500 mg Capsule,FDA Advisory No. 2022-0027,2022-02-02
EZ Warts Remover 5 mL,FDA Advisory No. 2022-0041,2022-02-03
"""We Care"" Antiseptic Povidone-Iodine Prep Pad 100's",FDA Advisory No. 2022-0042,2022-02-03
Baricitinib Tablets 4 mg Barinat * 4,FDA Advisory No. 2022-0043,2022-02-03
Laroscorbine Platinum E-UF PN® 5 mL,FDA Advisory No. 2022-0043,2022-02-03
"NC24 Ultra PDRN Miracle 280000 Ultra Concentrated Vial: Glutathione (280:1 /1,000mg) 280, 000mg PDRN (Polydeoxyribonucleotide) 700mg I.M. /I.V. Ampoule (10 mL): Refined Cranberry Extract (Plus Ascorbic Acid) 5,500 mg Thioctic acid 2,400 mg Fibroblast Growth Factor FGF 2,250 mg",FDA Advisory No. 2022-0043,2022-02-03
Mogadon® 5 mg (Nitrazepam) Tablet,FDA Advisory No. 2022-0044,2022-02-03
Naltrexone Tablets IP 50 mg Naltivia 50 1×10 Tablets,FDA Advisory No. 2022-0044,2022-02-03
Sertraline Tablets IP (Zosert® 50) 50 mg,FDA Advisory No. 2022-0044,2022-02-03
Anastrozole Tablets IP 1 mg Anaridex® 1×10 Tablets,FDA Advisory No. 2022-0069,2022-02-11
Bimatoprost Ophthalmic Solution 0.03% w/v Bimat Eye Drops 3 mL,FDA Advisory No. 2022-0069,2022-02-11
Piracetam Tablets 800 mg. Piratican 800,FDA Advisory No. 2022-0069,2022-02-11
Peppermint Field® Black Inhaler,FDA Advisory No. 2022-0269,2022-03-02
Peppermint Field® Inhaler [White],FDA Advisory No. 2022-0269,2022-03-02
Wounder Care Dakin’s Solution (Full Strength) 1L Solution,FDA Advisory No. 2022-0271,2022-02-24
Wounder Care Dakin’s Solution (Half Strength) 1L Solution,FDA Advisory No. 2022-0271,2022-02-24
Wounder Care Dakin’s Solution (Quarter Strength) 1L Solution,FDA Advisory No. 2022-0271,2022-02-24
Ice Angel Eucalyptus Refreshing Oil 10 mL,FDA Advisory No. 2022-0274,2022-02-24
Panyawan + Lemon 60 mL,FDA Advisory No. 2022-0274,2022-02-24
Amoxicillin Capsules [Label in Foreign Language],FDA Advisory No. 2022-0275,2022-02-24
Levofloxacin Hydrochloride Capsules [Label in Foreign Language],FDA Advisory No. 2022-0275,2022-02-24
OTC Ibuprofen Sustained-Released Capsules – Buluofen Huanshi Jiaonang [as reflected in the package insert],FDA Advisory No. 2022-0275,2022-02-24
OTC Keteling Jiaonang [as reflected in the package insert],FDA Advisory No. 2022-0275,2022-02-24
Riench Genuine! Traditional Herbal lotion with Soothing Heat Action Plus Satisfying Aroma Green Tea plus Eucalyptus,FDA Advisory No. 2022-0278,2022-02-24
Extra Strength Methyl Salicylate + Camphor + Menthol (Megaplas) 30 mL,FDA Advisory No. 2022-0279,2022-02-24
EasyGo Pain Relief Gel,FDA Advisory No. 2022-0281,2022-02-24
A+C 70% Ethyl Alcohol with Moisturizer Angel’s Breath Inspired,FDA Advisory No. 2022-0411,2022-03-04
Al+Protect 70% Isopropyl Alcohol Baby Powder Scent 3.2 Liters (1 Gallon),FDA Advisory No. 2022-0411,2022-03-04
Alco + Clean 70% Ethyl Alcohol with Moisturizer Ocean Fresh,FDA Advisory No. 2022-0411,2022-03-04
Alco Clean 70% Ethyl Alcohol with Moisturizer Dove Scent 500 mL,FDA Advisory No. 2022-0411,2022-03-04
Alco Clean 70% Isopropyl Alcohol with Moisturizer Polo Sport – Inspired Scent 3.2 Liters,FDA Advisory No. 2022-0411,2022-03-04
Alco Clean 70% Ethyl Alcohol with Moisturizer Angel’s Breath Scent,FDA Advisory No. 2022-0412,2022-03-10
Alco Clean 70% Ethyl Alcohol with Moisturizer CK-One Summer-Inspired 3.2 Liters,FDA Advisory No. 2022-0412,2022-03-10
Alco Clean 70% Ethyl Alcohol with Moisturizer Green Tea Scent,FDA Advisory No. 2022-0412,2022-03-10
Alco Clean 70% Isopropyl Alcohol with Moisturizer Dove scent 500 mL,FDA Advisory No. 2022-0412,2022-03-10
Alcoclean 70% Ethyl Alcohol with Moisturizer Nectarine Blossom- Inspired Scent,FDA Advisory No. 2022-0412,2022-03-10
Glutax® 600GS Ultrafiltration (Acido Ascorbico 2500 mg + Collagene Naturale 500 mg + Acido Alfa Lipoico 500 mg) I.M / I.V 5 mL,FDA Advisory No. 2022-0414,2022-03-07
Glutax® 600GS Ultrafiltration (Glutatione Essentialle Estratto 600GS) I.M / I.V Polvere E Solvente Per Soluzione Iniettabile,FDA Advisory No. 2022-0414,2022-03-07
Glutax® 600GS Ultrafiltration (UltraCell Estratto 0.5 mcg) I.M I.V Polvere E Solvente Per Soluzione Iniettabile 2 mL,FDA Advisory No. 2022-0414,2022-03-07
Goddess Glow Vitamin Drip Solution for IV Infusion,FDA Advisory No. 2022-0414,2022-03-07
She Wang Brand Ketoconazole Clobetasol Propionate Ointment 7 g,FDA Advisory No. 2022-0482,2022-03-15
Ventolin 2.5mg/ 2.5mL Nebulizasyon Icin Suspansiyon Salbutamol Sulfat 20 Nebul”,FDA Advisory No. 2022-0543,2022-03-17
Ivermectin Tablet USP Iverjohn-6 6 mg Tablet,FDA Advisory No. 2022-0544,2022-03-17
Ivermectin Tablets USP Iverjohn-12 12 mg Tablet,FDA Advisory No. 2022-0544,2022-03-17
Zerovir (Molnupiravir) Hard Gelatin Capsules 400 mg 20’s,FDA Advisory No. 2022-0641,2022-04-05
Rolanjona Docacne (as reflected in the primary packaging) Aloe Vera Acne Remove Cream (as reflected in the primary packaging),FDA Advisory No. 2022-0642,2022-04-05
Methyl Salicylate Menthol Plus Camphor JW Herbal Liniment Oil Specially formulated with all powers of herbs with insect repellent 60 mL”,FDA Advisory No. 2022-0882,2022-04-18
Aromatherapy,FDA Advisory No. 2022-0935,2022-04-27
Eucalyptus Mind Relaxing Sleeping Therapy,FDA Advisory No. 2022-0935,2022-04-27
Himag Oil,FDA Advisory No. 2022-0935,2022-04-27
Lidocaine Hydrochloride Injection 5 mL:0.1 g,FDA Advisory No. 2022-0936,2022-04-28
"Placentex® 5,625 mg/3 mL Soluzione Iniettabile Polidesossiribonucleotide",FDA Advisory No. 2022-0936,2022-04-28
"Vitamin C Injection d’acide ascorbique, USP 25 000 mg/ 50 mL (500mg/mL)",FDA Advisory No. 2022-0936,2022-04-28
California Gold Nutrition® Gold CTM 240 Veggie Capsule,FDA Advisory No. 2022-0937,2022-04-28
Centrum Advance Food Supplement 100 Tablets,FDA Advisory No. 2022-0937,2022-04-28
Kwan Loong® Medicated Oil 57 mL,FDA Advisory No. 2022-0937,2022-04-28
Life Extension® Vitamin D3 Dietary Supplement 25 mcg (1000 IU) 250 Softgels,FDA Advisory No. 2022-0937,2022-04-28
MD® Skin Fighter 8 g,FDA Advisory No. 2022-0940,2022-04-27
Ivermectin Tablet USP Iverjohn-12 12 mg Tablet,FDA Advisory No. 2022-0942,2022-04-26
"21st Century Extra Strength Hair, Skin & Nails With Antioxidants A, C & E, B-Complex Vitamins & Minerals 90 Tablets",FDA Advisory No. 2022-0943,2022-04-27
CHINTA Paracetamol 100 Tablets,FDA Advisory No. 2022-0943,2022-04-27
KIRKLAND Signature One Per Day Super B-Complex with Electrolytes 500 Tablets,FDA Advisory No. 2022-0943,2022-04-27
PERFECT SKIN ALL NATURALS REJUVENATING SET:,FDA Advisory No. 2022-0979,2022-05-18
"Cleocin Phosphate Clindamycin injection, USP 600 mg/ 4 mL (150 mg/mL) For intramuscular or intravenous use",FDA Advisory No. 2022-1012,2022-05-10
Fortaz® (ceftazidime for injection) TwistVialTM 1 g/Vial,FDA Advisory No. 2022-1012,2022-05-10
Botox® 100 U. Enjeksiyonluk Cozelti Icin Liyofilize Toz 1 Flakon Liyofilize Toz 100 Unite,FDA Advisory No. 2022-1013,2022-05-06
Glutax® 1800000GS Pico Cell Absorption [secondary packaging],FDA Advisory No. 2022-1013,2022-05-06
S10970037 [Label in Foreign Language],FDA Advisory No. 2022-1013,2022-05-06
Molnupiravir 200 mg Capsules Moluxin 200 40’s,FDA Advisory No. 2022-1035,2022-05-11
Natural Green Leaf® Haplos Green Balm Menthol,FDA Advisory No. 2022-1037,2022-05-11
"Natural Green Leaf® Pain Relieving Patch Methyl Salicylate, Menthol",FDA Advisory No. 2022-1037,2022-05-11
Huang Lian Su Tablets,FDA Advisory No. 2022-1088,2022-05-30
KarLee Tetracycline 15 g Ointment,FDA Advisory No. 2022-1091,2022-05-30
Methyl Salicylate Menthol Plus Camphor Kuya Dodz Herbal Liniment Oil 60 ml,FDA Advisory No. 2022-1116,2022-06-09
"Albumin (Human) 20%, USP AlbukedTM 20 50 mL [as reflected in the primary packaging] Albumin (Human) U.S.P. Human Albumin AlbukedTM 20% solution 10.0g 50mL [as reflected in the secondary packaging]",FDA Advisory No. 2022-1380,2022-07-27
Hydrogen Peroxide 10 volumes 60ml,FDA Advisory No. 2022-1381,2022-07-27
Oren Herb Growth Facilitation Pill For Boy 100 Capsules,FDA Advisory No. 2022-1382,2022-07-27
Snakes Bones Analgesic Liquid Ointment 30 mL,FDA Advisory No. 2022-1382,2022-07-27
“Liisanlian” Snakes’Bonesrheumatic Capsules [as reflected in the package insert],FDA Advisory No. 2022-1382,2022-07-27
Natural Green Leaf® Porous Capsicum Plaster 1 Patch 8 x 12 cm,FDA Advisory No. 2022-1383,2022-07-27
Ne Mor Alcohol Spray 2.37 fl oz. 70ml,FDA Advisory No. 2022-1383,2022-07-27
Teen’s Ethyl Alcohol 70% Solution 250 mL,FDA Advisory No. 2022-1383,2022-07-27
Puritan’s Pride C-500mg with Bioflavonoids and Wild Rose Hips,FDA Advisory No. 2022-1384,2022-07-27
VJ's Aciete de Manzanilla 25 mL,FDA Advisory No. 2022-1385,2022-07-27
Herbal Eyedrop” Wild Sampaguita,FDA Advisory No. 2022-1386,2022-07-27
Favipiravir Tablets 400 mg Favicim-400 Tablets,FDA Advisory No. 2022-1387,2022-07-27
Defender Alcohall 70% Solution Ethyl Alcohol 500 mL,FDA Advisory No. 2022-1465,2022-07-29
Defender Alcohall 70% Solution Isopropyl Alcohol 500 mL,FDA Advisory No. 2022-1465,2022-07-29
BAYER Redoxon® VitaminC 15 Orange Flavour Effervescent Tablets [Label in Foreign Language],FDA Advisory No. 2022-1483,2022-08-10
GSK Panadol® ActiFastTM 20 Tablets [Label in Foreign Language],FDA Advisory No. 2022-1483,2022-08-10
GSK Panadol® Cold+Flu Day 24 Caplets [Label in Foreign Language],FDA Advisory No. 2022-1483,2022-08-10
GSK Betnovate Cream Betamethasone Valerate 0.1% w/w 30 grams [Label in Foreign Language],FDA Advisory No. 2022-1484,2022-08-10
GSK Panadol® Sinus 24 Caplets [Label in Foreign Language],FDA Advisory No. 2022-1484,2022-08-10
"LEO Fucidin® Fusidic Acid Ph. Eur. 20 mg/g, 30 g Cream 2% [Label in Foreign Language]",FDA Advisory No. 2022-1484,2022-08-10
Eltroxin Tablets 100 mcg 100 Tablets,FDA Advisory No. 2022-1497,2022-09-01
Family CareTM Nasal Relief Oxymetazoline HCl 0.05% (Nasal Decongestant) Pump Mist Spray 0.5 FL OZ (15 ML),FDA Advisory No. 2022-1497,2022-09-01
Tianli Lian Zhan Qi Tian 2500 mg3,FDA Advisory No. 2022-1497,2022-09-01
"Dem Ilac Thromboreductin® 0,5 Kapsul 100’s",FDA Advisory No. 2022-1498,2022-09-01
Fresenius Kabi Oxaliplatin Injection I.P. Oxitan® Single Dose Vial 5 mg/mL (100mg/ 20mL) 20 mL,FDA Advisory No. 2022-1498,2022-09-01
Natco Imatinib Tablets I.P. Veenat® 400 3 x 10 Tablets,FDA Advisory No. 2022-1498,2022-09-01
Anastrozole Tablets IP FemistraTM 1 x 10 Tablets,FDA Advisory No. 2022-1499,2022-09-01
Aprazer Capecitabine Tablets IP 500 mg CapekastTM 5×10 Tablets,FDA Advisory No. 2022-1499,2022-09-01
Natco Imatinib Capsules I.P. Veenat® 100 120 Capsules,FDA Advisory No. 2022-1499,2022-09-01
Ivermectin (Ivercureme) 15 mg 10 Capsules,FDA Advisory No. 2022-1520,2022-09-06
Aprazer Docetaxel Injection IP DocekastTM-80 80mg/4mL RTU Technology Injection 4 mL,FDA Advisory No. 2022-1521,2022-09-12
Aprazer Doxorubicin Hydrochloride Injection IP Lyophilized DorucinTM-50 50 mg Vial,FDA Advisory No. 2022-1521,2022-09-12
Astellas Tacrolimus Prograf®,FDA Advisory No. 2022-1521,2022-09-12
Conc. Piyenchin Naphzoline HCl Solution 1:1000 10 ml.,FDA Advisory No. 2022-1525,2022-09-12
Eagle Brand Medicated Oil 24ml,FDA Advisory No. 2022-1525,2022-09-12
Ketoconazole + Clobetasol Propionate Cream SF PKW Cream 10 Grams,FDA Advisory No. 2022-1525,2022-09-12
Polar Bear Brand Essential Embrocation 27 mL,FDA Advisory No. 2022-1525,2022-09-12
Triamcinolone Acetonide Acetate + Miconazole Nitrate + Neomycin Sulfate Cream SF PKS Cream 10 Grams,FDA Advisory No. 2022-1525,2022-09-12
Pito Pito Plus Liniment Oil Extrahot,FDA Advisory No. 2022-1527,2022-09-12
Curcorn (label in foreign language),FDA Advisory No. 2022-1528-A,2022-09-12
Cutcorn (label in foreign language),FDA Advisory No. 2022-1528,2022-09-12
OTC Natural Green Leaf® Medicated Oil 9 mL,FDA Advisory No. 2022-1530,2022-09-12
Wild Tiger Balm 10 g,FDA Advisory No. 2022-1530,2022-09-12
Natural Green Leaf Hemorrhoids Cream 20g,FDA Advisory No. 2022-1531,2022-09-12
Agua Oxigenada F.E.U. XIV – 10 Vols 60 mL,FDA Advisory No. 2022-1537,2022-09-12
Povidone Iodine Betadine,FDA Advisory No. 2022-1537,2022-09-12
Natco Sutinib Malate Capsules Sutinat*12.5 28 Capsules,FDA Advisory No. 2022-1556,2022-09-12
"Natco Zolendronic Acid Injection I.P. Zoldronat® 4mg/Vial for Intravenous Infusion Sterile, Lyophilized 1 Vial",FDA Advisory No. 2022-1556,2022-09-12
Oncology Pazopanib Tablets 400 mg Pazinib® 400 mg 30 Tablets,FDA Advisory No. 2022-1556,2022-09-12
Lianhua Qingwen Capsules 24's,FDA Advisory No. 2022-1612,2022-09-15
Natural Green Leaf® Burn Cream 20 g,FDA Advisory No. 2022-1613,2022-09-15
Natural Green Leaf® Hemorrhoids Cream 10 g,FDA Advisory No. 2022-1613,2022-09-15
Canesten® Clotrimazole Cream (Clotrimazole 1% w/w) [Label with Foreign Character],FDA Advisory No. 2022-1614,2022-09-15
"Tapazole Methimazole Tablets, USP (INN: Thiamazole) 5 mg 100 Tablets",FDA Advisory No. 2022-1614,2022-09-15
TerramycinTM Oxytetracycline Hydrochloride with Polymyxin B Sulfate Ophthalmic Ointment 3.5 gm [Label with Foreign Character],FDA Advisory No. 2022-1614,2022-09-15
Teva Isordil® 5 mg Sublingual Tablet Izosorbid Dinitrat 50 Tablet [Label in Foreign Language],FDA Advisory No. 2022-1614,2022-09-15
Natural Green Leaf Skin Quick Clear Topical Skin Cream Natural Herbal Recipe 8g,FDA Advisory No. 2022-1628,2022-09-22
OTC Natural Green Leaf Medicated Oil 6 mL,FDA Advisory No. 2022-1628,2022-09-22
Pito-Pito Mineral Eye Drop 15 mL,FDA Advisory No. 2022-1629,2022-09-22
"Aqua SkinTM Diamond Ultra White F-30 Finest Ultra Whitening Glutathione 30,000 mg",FDA Advisory No. 2022-1630,2022-09-22
Ivermectin Dispersible Tablets 12 mg Iverquest Star 12 DT 20 x 10 Tablets,FDA Advisory No. 2022-1631,2022-09-22
Tribu Liniment Oil 60ml,FDA Advisory No. 2022-1632,2022-09-22
"Gluta Essencial Celestial Infusion Drip 2,500,000 mg Glutathione, 800 mg Alpha Lipoic Acid, 600 mg Kojic Acid, 3600 mg Whitening Booster I.M / I.V",FDA Advisory No. 2022-1633,2022-09-22
"Gluta Essencial Cinderella Infusion Drip 3,000,000mg Ultra Concentrated Glutathione, 80,000mg Multivitamin Complex, 700mg Polydeoxyribonucleotide (PDRN) I.M / I.V 25ml",FDA Advisory No. 2022-1633,2022-09-22
"Gluta Essencial Snow White Drip 25,000,000 mg Glutathione, 1,200 mg Kojic Acid, 600mg Coenzyme Q10, Nano Concentrated Multivitamins I.M / I.V",FDA Advisory No. 2022-1633,2022-09-22
Jeb VITAMIN C Ascorbic Acid 500mg Capsules 100’s,FDA Advisory No. 2022-1634,2022-09-22
Kuya Dodz Eye Solution,FDA Advisory No. 2022-1635,2022-09-22
MD® Skin Fighter 8 g”,FDA Advisory No. 2022-1748,2022-10-12
El Shaddai Sunshine Ugat Heno Oil,FDA Advisory No. 2022-1749,2022-10-12
El Shaddai Sunshine Ugat Mandarin Oil,FDA Advisory No. 2022-1749,2022-10-12
El Shaddai Sunshine Ugat Sampaguita Oil,FDA Advisory No. 2022-1749,2022-10-12
Sunshine Ugat Eucalyptus Oil,FDA Advisory No. 2022-1749,2022-10-12
Exceed Vigra and Cialis Maximum Powerful 2800 mg X 6 Pills,FDA Advisory No. 2022-1755,2022-10-12
Ap-Ap Solution 25 mL,FDA Advisory No. 2022-1756,2022-10-12
"Greenstone® Brand Medroxy-Progesterone Acetate Tablets, USP 10 mg 100’s",FDA Advisory No. 2022-1761,2022-10-24
Dr. Manila Crocodile Scar Removal Serum 1.35 fl. oz/ 30 mL”,FDA Advisory No. 2022-1762,2022-10-24
Carbaryl (Flea Away) Dog Powder 75g,FDA Advisory No. 2022-1794,2022-10-27
Deet Daisy Dog Soap,FDA Advisory No. 2022-1794,2022-10-27
Lidocaine 2% E-100 with Epinephrine 1:100.000 Injectable Solution 50 Glass Cartridges (Label with foreign characters),FDA Advisory No. 2022-1837,2022-11-08
OTC Natural Green Leaf Aloe Vera Anti-Itch Cream 20 g,FDA Advisory No. 2022-1873,2022-11-09
OTC Natural Green Leaf Gout Pain Relief Cream 15 g (Label with foreign characters),FDA Advisory No. 2022-1873,2022-11-09
OTC Natural Green Leaf Herbal Anti-Itch Cream 10 g,FDA Advisory No. 2022-1873,2022-11-09
OTC Natural Green Leaf Scar Removal Cream 20 g,FDA Advisory No. 2022-1873,2022-11-09
Anti-Fungal Cream,FDA Advisory No. 2022-1874,2022-11-10
Clobetasol Propionate Cream,FDA Advisory No. 2022-1874,2022-11-10
Natural Green Leaf ® 2-in-1 Nasal Inhaler [Arctic Blast] [Primary Packaging] Natural Green Leaf ® 2 Ways Inhaler (Inhale and Apply) [Secondary Packaging],FDA Advisory No. 2022-1898,2022-12-14
Natural Green Leaf ® Inhaler,FDA Advisory No. 2022-1898,2022-12-14
Natural Green Leaf ® 2-in-1 Nasal Inhaler [Orange Breeze] [Primary Packaging] Natural Green Leaf ® 2 Ways Inhaler (Inhale and Apply) [Secondary Packaging],FDA Advisory No. 2022-1899,2022-12-14
Natural Green Leaf ® Max Strength Gel Patch 1 Patch 8 x 12 cm,FDA Advisory No. 2022-1899,2022-12-14
Natural Green Leaf ® Quick Action Vapor Inhaler [Primary Packaging] Natural Green Leaf ® Vapor Inhaler [Secondary Packaging],FDA Advisory No. 2022-1899,2022-12-14
OTC Natural Green Leaf Skin Quick Clear 15g,FDA Advisory No. 2022-1900,2022-12-14
OTC Natural Green Leaf ® Burn Cream 10 g,FDA Advisory No. 2022-1900,2022-12-14
Tianyao® Fluocinonide (Frostlike®) 250 mcg/g Ointment 20 g,FDA Advisory No. 2022-1900,2022-12-14
Methyl salicylate + Menthol +Camphor (LosePain) 20 g,FDA Advisory No. 2022-1901,2022-12-14
SPIC CONC. Pi Yen Chin Naphazoline HCl Solution1:1000 10 mL,FDA Advisory No. 2022-1901,2022-12-14
Wild Tiger Red Flower Oil,FDA Advisory No. 2022-1901,2022-12-14
Natural Green Leaf Skin Quick Clear Topical Skin Cream 15g,FDA Advisory No. 2022-1902,2022-12-14
Natural Green Leaf® Motion Sickness Patch 4s,FDA Advisory No. 2022-1902,2022-12-14
OTC Natural Green Leaf® Men’s Intimate Cream 15 g,FDA Advisory No. 2022-1902,2022-12-14
Natural Green Leaf® Inhaler 1g,FDA Advisory No. 2022-1910,2022-12-16
ZB Gout Ointment 20g [Label with Foreign Characters],FDA Advisory No. 2022-1910,2022-12-16
Kawin Compound Glycyrrhizin Injection 20 mL [Label in Foreign Language],FDA Advisory No. 2022-1911,2022-12-16
Kelundayaochang® Sodium Chloride Injection 0.9% 100mL: 0.9g [Label in Foreign Language],FDA Advisory No. 2022-1911,2022-12-16
Pipemidic Acid Tablets 0.25g [Label in Foreign Language],FDA Advisory No. 2022-1911,2022-12-16
UA-Block Uric Acid Block 2014 New Capsule 24’s,FDA Advisory No. 2022-1912,2022-12-16
UA-Block Uric Acid Block 2018 New Capsule 24’s,FDA Advisory No. 2022-1912,2022-12-16
Cefuroxime [as Axetil] (Keef-125TM) 12.5 mg/5 mL Granules for Oral Suspension 50 mL,FDA Advisory No. 2022-1913,2022-12-16
Lignocaine Hydrochloride Gel IP Xylocaine® 2% Jelly 30 g,FDA Advisory No. 2022-1914,2022-12-16
Surgical Scrub Brush/ Sponge with Nail Cleaner Povidone-Iodine 10% Povidone-Iodine (minimum available iodine 0.75%) W/W,FDA Advisory No. 2022-1914,2022-12-16
Machete Gold Booster 30 mL,FDA Advisory No. 2022-1915,2022-12-16
Machete Gold Special Oil for Men 50 mL,FDA Advisory No. 2022-1915,2022-12-16
Malaisuan Lubennamin Zhusheye – Chlorphenamine Maleate Injection 1mL:10mg Injection [as reflected in the secondary packaging],FDA Advisory No. 2022-1916,2022-12-16
Q/SQYX002-2015 100 mL [Label in Foreign Language],FDA Advisory No. 2022-1916,2022-12-16
Multivitamins (21 Super-Vita) Soft Capsule,FDA Advisory No. 2022-1917,2022-12-16
Po Chai Pills Bottle Form [Label in Foreign Language],FDA Advisory No. 2022-1917,2022-12-16
Shennong Anti-Asthma Tablets,FDA Advisory No. 2022-1917,2022-12-16
DK Kidney Wash Capsules [Label in Foreign Language],FDA Advisory No. 2022-1918,2022-12-16
Huang Lian Su Tablets [Label in Foreign Language],FDA Advisory No. 2022-1918,2022-12-16
LS® Oldenlandia Diffusa Roxb.Capsules [Label in Foreign Language],FDA Advisory No. 2022-1918,2022-12-16
Sildenafil Citrate [Kamagra®] (Orange Flavour) 100 mg / 5 grams Oral Jelly,FDA Advisory No. 2022-1919,2022-12-16
Chlorpheniramine Maleate 4mg Box Of 10 Blisters x 20 Tablets [as reflected in the secondary packaging],FDA Advisory No. 2022-1920,2022-12-16
Co-Amoxiclav (Augmentin®) 1g 2 Blisters of 7 Film Coated Tablets,FDA Advisory No. 2022-1920,2022-12-16
DHG Pharma Chlorpheniramin 4 Chlorpheniramin Maleat 4mg [as reflected in the primary packaging] DHG Pharma Chlorpheniramin,FDA Advisory No. 2022-1920,2022-12-16
Eisai Juvela® 50mg [as reflected in the primary packaging] Eisai Juvela® Tablets 50mg [as reflected in the secondary packaging],FDA Advisory No. 2022-1921,2022-12-16
Melsmon® Placenta (Human) 2mlx50Amp. [Label in Foreign Language],FDA Advisory No. 2022-1921,2022-12-16
Tranexamic Acid 500mg [as reflected in the primary packaging],FDA Advisory No. 2022-1921,2022-12-16
SHINGRIX” Vaccine,FDA Advisory No. 2022-1966,2023-01-05
Roussel® Ivermectin Tablets 12 mg Iverwon-12 10x10 Tablets,FDA Advisory No. 2023-0053,2023-01-18
Wonder Herbs Active (Lonas) 60 mL,FDA Advisory No. 2023-0128,2023-01-20
Panyawan Trading Liniment Oil 60 mL,FDA Advisory No. 2023-0129,2023-01-20
PaWell Veterinarian’s Choice Iron+ B-Complex with Taurine Syrup 120ml,FDA Advisory No. 2023-0130,2023-01-20
PaWell Veterinarian’s Choice Iron+ B-Complex with Taurine Syrup 120ml PaWell Veterinarian’s Choice Metronidazole 45 mg/mL Suspension 60mL,FDA Advisory No. 2023-0130,2023-01-20
PaWell Veterinarian’s Choice Bromhexine with oregano 4 mg/mL Suspension 60mL [Vanilla Flavor],FDA Advisory No. 2023-0131,2023-01-20
PaWell Veterinarian’s Choice Gentamicin Sulfate 5mg/ml Sterile Opthalmic Solution (Drops) 15 ml,FDA Advisory No. 2023-0131,2023-01-20
PaWell Veterinarian’s Choice Multivitamins + Minerals + Lysine with Electrolytes 120 mL [Vanilla Flavor],FDA Advisory No. 2023-0132,2023-01-20
PaWell Veterinarian’s Choice OB Supplement with Probiotics 120mL [Vanilla Flavor],FDA Advisory No. 2023-0132,2023-01-20
PaWell Veterinarian’s Choice Sodium Ascorbate + Calcium Ascorbate + Zinc (Calzinc) 120 mL [Vanilla Flavor],FDA Advisory No. 2023-0132,2023-01-20
Nature's Measure® Vitamin C 500 mg Dietary Supplement 30 Tablets,FDA Advisory No. 2023-0147,2023-01-25
Norfloxacin Capsules [Label in Foreign Language],FDA Advisory No. 2023-0149,2023-01-26
General Pharmaceuticals Ltd. Olarigen 150 (Olaparib) Tablet,FDA Advisory No. 2023-0162,2023-01-31
General Pharmaceuticals Ltd. Olarigen 50 (Olaparib) Capsule,FDA Advisory No. 2023-0162,2023-01-31
General Pharmaceuticals Ltd. Osmigen 80 (Osimertinib) Tablet,FDA Advisory No. 2023-0162,2023-01-31
Aqualyx® Cosmetic Sterile,FDA Advisory No. 2023-0164,2023-01-31
ToxtaTM Inj. Botulinum Toxin Type A 100 U,FDA Advisory No. 2023-0164,2023-01-31
[Label in Foreign Language] 2 mL,FDA Advisory No. 2023-0164,2023-01-31
[Label in Foreign Language] 250 mg mL,FDA Advisory No. 2023-0164,2023-01-31
SEARLE ROTECTM50 Tablets [Diclofenac Sodium/ Misoprostol],FDA Advisory No. 2023-0210,2023-02-13
Naman Cytotecal 200 mcg Misoprostol 200mcg,FDA Advisory No. 2023-0211,2023-02-13
MadenTM Povidone-Iodine (Thetadine) 10% Solution 15 mL,FDA Advisory No. 2023-0212,2023-02-13
Natural Green Leaf® Corn Plaster 6’s,FDA Advisory No. 2023-0213,2023-02-13
"Natural Green Leaf® Nasal Inhaler for Party, Work and Sports Artic Blast",FDA Advisory No. 2023-0213,2023-02-13
Menthol + Moringa + Orange Zest (Moringa Gel Premium) 60 mL,FDA Advisory No. 2023-0214,2023-02-13
Myfoodie® Multi-Minerals [Label in Foreign Language],FDA Advisory No. 2023-0359,2023-03-10
OTC Natural Green Leaf Scar Removal Cream 10g,FDA Advisory No. 2023-0360,2023-03-10
JMRC Sodium Ascorbate B-Complex with Zinc 500 grams Capsules,FDA Advisory No. 2023-0361,2023-03-13
Tianli Chong Cao Ba Wang [Label in Foreign Language],FDA Advisory No. 2023-0361,2023-03-13
Tianli Chong Cao Reman [Label in Foreign Language],FDA Advisory No. 2023-0361,2023-03-13
Prestige 70% Ethyl Alcohol Angel’s Breath with Moisturizer 1 Gallon (3.2 L),FDA Advisory No. 2023-0362,2023-03-13
Prestige 70% Isopropyl Alcohol Baby Powder with Moisturizer 1 Gallon (3.2 L),FDA Advisory No. 2023-0362,2023-03-13
Prestige 70% Isopropyl Alcohol Sunsilky with Moisturizer 1 Gallon (3.2 L),FDA Advisory No. 2023-0362,2023-03-13
MSD Quadriderm* Cream 5 g [Label in foreign language],FDA Advisory No. 2023-0408,2023-03-16
Natureplex Triple Antibiotic Original Ointment 0.33 Oz (9.4 g),FDA Advisory No. 2023-0408,2023-03-16
Pharmaton® Capsules with Selenium 100 Capsules,FDA Advisory No. 2023-0408,2023-03-16
Fucidin Ointment 10 g [Label in Foreign Language],FDA Advisory No. 2023-0409,2023-03-16
SAMJIN Geworin® Tablet [as reflected in the package insert],FDA Advisory No. 2023-0409,2023-03-16
YUHAN Celestone-G® Cream 30 g [Label in Foreign Language],FDA Advisory No. 2023-0409,2023-03-16
Naman Cytotecal 200mcg 28 Oral Tablets,FDA Advisory No. 2023-0410,2023-03-16
SEARLE ROTECTM50 Tablets [Diclofenac Sodium/ Misoprostol] [as reflected in the primary packaging] SEARLE ROTEC®50 Tablets [Diclofenac Sodium/ Misoprostol] 20 Tablets [as reflected in the secondary packaging],FDA Advisory No. 2023-0410,2023-03-16
Clomil-50 Clomiphene Citrate 50 mg x 100 Tablets,FDA Advisory No. 2023-0411,2023-03-16
Glonavar-10 Oxandrolone 10 mg x 100 Tablets,FDA Advisory No. 2023-0411,2023-03-16
Masterone® Drostanolone Propionate 100 mg Injection 10 mL,FDA Advisory No. 2023-0411,2023-03-16
Testo Depot® Testosterone Enanthate 250 mg Injection 10 mL,FDA Advisory No. 2023-0411,2023-03-16
T-Prop® Testosterone Propionate 100 mg Injection 10 mL,FDA Advisory No. 2023-0412,2023-03-16
TE-300 Testosterone Enanthate 10 mL Multidose Vial,FDA Advisory No. 2023-0412,2023-03-16
Tren-A75 Trenbolone Acetate 10 mL Multidose Vial,FDA Advisory No. 2023-0412,2023-03-16
Winstrol® Super micronized Stanozolol 100 mg Injection 10 mL,FDA Advisory No. 2023-0412,2023-03-16
Gertrudes Eye Drops 10 mL,FDA Advisory No. 2023-0414,2023-03-16
Gertrudes Kiddie Oil,FDA Advisory No. 2023-0414,2023-03-16
Pfizer Cytotec® Tablet Misoprostol 200 μg,FDA Advisory No. 2023-0459,2023-03-17
Omeprazole Enteric-Coated Capsules 20 mg,FDA Advisory No. 2023-0460,2023-03-20
Dok-Apo Better Vision 15 mL,FDA Advisory No. 2023-0508,2023-04-03
Dongkook Triamcinolone Acetonide Oramedy Oint 10g [as reflected in the primary packaging] [Label in Foreign Language],FDA Advisory No. 2023-0509,2023-04-03
Dulcolax® Suppository 10mg Bisacodyl [Label in Foreign Language],FDA Advisory No. 2023-0509,2023-04-03
Light-yellow with green colored Sachet 20 mL [Label in Foreign Language],FDA Advisory No. 2023-0509,2023-04-03
196600062 25g [Label in Foreign Language],FDA Advisory No. 2023-0510,2023-04-03
Cap Style Green Enema (Concentrated Glycerin) 30ml [Label in Foreign Language],FDA Advisory No. 2023-0510,2023-04-03
Je Il Dexamethasone Inj. (Dexamethasone Phosphate Disodium) 1ml X 50Amp. [Label in Foreign Language],FDA Advisory No. 2023-0510,2023-04-03
Madeca Moist & Warm Bandage Centella Asiatica from Nature 1.7 cm x 4 cm [Label in Foreign Language],FDA Advisory No. 2023-0511,2023-04-04
2% 400mg/20mL [Label in Foreign Language],FDA Advisory No. 2023-0512,2023-04-04
Trol Inj. (Tramadol Hydrochloride) 1mL X 50Amp. [Label in Foreign Language],FDA Advisory No. 2023-0512,2023-04-04
Jaysuing Varicose Veins Patch 12 pcs,FDA Advisory No. 2023-0520,2023-04-13
Rowachol® 50 Capsules,FDA Advisory No. 2023-0604,2023-04-19
Gliclazide Tablets ( ll ) 80mg [Label in Foreign Language],FDA Advisory No. 2023-0605,2023-04-19
Ningxinbao Metronidazole and Fenbufen Capsules [Label in Foreign Language],FDA Advisory No. 2023-0605,2023-04-19
Roxithromycin Dispersible Tablets 0.15g [Label in Foreign Language],FDA Advisory No. 2023-0606,2023-04-19
Shyndec® Finasteride Tablets 5mg x 10 Tablets [Label in Foreign Language],FDA Advisory No. 2023-0606,2023-04-19
yatai® Aciclovir Tablets 0.1g,FDA Advisory No. 2023-0606,2023-04-19
CSPC® Amoxicillin Capsules 0.25g,FDA Advisory No. 2023-0607,2023-04-19
Cefradine Capsules 0.25g,FDA Advisory No. 2023-0607,2023-04-19
ORIGINAL® Aspirin Enteric-coated Tablets 100 mg,FDA Advisory No. 2023-0607,2023-04-19
CK Capirox-20 Piroxicam 20 mg 10 Capsules,FDA Advisory No. 2023-0608,2023-04-19
LBS Hawksone® Piroxicam 20 mg Capsules [as reflected in the primary packaging] L.B.S Hawksone® Piroxicam 20 mg 10 Capsules [as reflected in the secondary packaging],FDA Advisory No. 2023-0608,2023-04-19
MSD Arcoxia® Etoricoxib Tablets 60mg [Label in Foreign Language],FDA Advisory No. 2023-0608,2023-04-19
LG Enterprise Lagundi (Vitex Negundo) 100% Natural 500 mg Capsule 60’s,FDA Advisory No. 2023-0705,2023-04-26
TFF Herbal-C Mixed 7 IN 1 500 mg Capsule 30’s,FDA Advisory No. 2023-0705,2023-04-26
Magnesium EyeDrops Magnesium Chloride + Ozone Water,FDA Advisory No. 2023-0706,2023-04-26
Talabonga Ionic Eye Care Drops 15 mL,FDA Advisory No. 2023-0706,2023-04-26
Bioherb Healing Oil 60 mL,FDA Advisory No. 2023-0760,2023-05-04
Perfect Care for your Skin Erythromycin 2% Solution 50 mL,FDA Advisory No. 2023-0761,2023-05-04
Rash Off Diaper Rash Cream 50g,FDA Advisory No. 2023-0947,2023-05-18
"Medi Heally® Sensitive Day, Warm Abdomen Herborn 3 Herbal Patches",FDA Advisory No. 2023-0948,2023-05-18
Hairtech Hair Regrowth Treatment,FDA Advisory No. 2023-0990,2023-05-29
Kuya Dodz Anti-Hypertension 30 Tablets,FDA Advisory No. 2023-1157,2023-06-02
Kuya Dodz Colon Cleansing 20 Tablets,FDA Advisory No. 2023-1157,2023-06-02
Kuya Dodz Prostetab 15 Tablet,FDA Advisory No. 2023-1157,2023-06-02
New & Improved Kuya Dodz Aller-C 30 Tablets,FDA Advisory No. 2023-1157,2023-06-02
Kuya Dodz Almo Tab 400mg 36 Tablets,FDA Advisory No. 2023-1158,2023-06-02
Kuya Dodz Anti Arthritis 500mg 40 Tabs,FDA Advisory No. 2023-1158,2023-06-02
Kuya Dodz Broncho-Aide 40 Capsules,FDA Advisory No. 2023-1158,2023-06-02
Methyl Salicylate Bio-Strength Liniment Oil 60ml,FDA Advisory No. 2023-1159,2023-06-02
Abby’s Herbal Oil Ang Milagrosang Lana 60 mL,FDA Advisory No. 2023-1263,2023-06-14
Aceite De Alcamporado 50 mL,FDA Advisory No. 2023-1263,2023-06-14
New Sense of Touch Rub with Negative Ion Super Menthol 25g,FDA Advisory No. 2023-1263,2023-06-14
NutriairTM B-Complex,FDA Advisory No. 2023-1264,2023-06-14
NutriairTM Perfomax 200+ Inhalations,FDA Advisory No. 2023-1264,2023-06-14
NutriairTM diet 200+ Uses,FDA Advisory No. 2023-1264,2023-06-14
NutriairTM Energy 200+ Uses,FDA Advisory No. 2023-1265,2023-06-14
NutriairTM Focus 200+ Uses,FDA Advisory No. 2023-1265,2023-06-14
NutriairTM Relax 200+ Uses,FDA Advisory No. 2023-1265,2023-06-14
NutriairTM Immune 200+ Uses,FDA Advisory No. 2023-1266,2023-06-14
NutriairTM Recover 200+ Uses,FDA Advisory No. 2023-1266,2023-06-14
NutriairTM Sleep 200+ Uses,FDA Advisory No. 2023-1266,2023-06-14
"Ofloxacin, Beclomethasone Dipropionate, Clotrimazole & Lignocaine Hydrochloride Ear Drops Otoquad Plus 5 mL",FDA Advisory No. 2023-1427,2023-07-03
"Ofloxacin, Beclomethasone Dipropionate, Clotrimazole & Lignocaine Hydrochloride Ear Drops Otoquad Plus 5 mL”",FDA Advisory No. 2023-1427-A,2023-07-03
H&E Ethyl Alcohol 70% with Moisturizer 3.78 Liters,FDA Advisory No. 2023-1450,2023-07-03
H&E Ethyl Alcohol 70% with Moisturizer 500 mL,FDA Advisory No. 2023-1450,2023-07-03
H&E Isopropyl Alcohol 70% with Moisturizer 3.2 Liters,FDA Advisory No. 2023-1450,2023-07-03
H&E Isopropyl Alcohol 70% with Moisturizer 4.5 Liters,FDA Advisory No. 2023-1450,2023-07-03
Alcogenic Ethyl Alcohol 70% with Moisturizer 500 mL,FDA Advisory No. 2023-1451,2023-07-03
Alcogenic Isopropyl Alcohol 70% with Moisturizer 500 mL,FDA Advisory No. 2023-1451,2023-07-03
Hodaf® Anti-smoke Patch 30's,FDA Advisory No. 2023-1520,2023-07-05
Himalaya® Since 1930 Immunol Liquid 100 ml,FDA Advisory No. 2023-1713,2023-07-27
New Improved Herbal Extract + Virgin Coconut Oil Vetnoderm Medicated Herbal Soap 145 g.,FDA Advisory No. 2023-1715,2023-07-27
Vetnoderm Herbal Soap Madre de Cacao with Coconut Oil 145,FDA Advisory No. 2023-1715,2023-07-27
Agara Peppermint Healing Oil,FDA Advisory No. 2023-1716,2023-07-27
Alcogiene 70% Isopropyl Alcohol,FDA Advisory No. 2023-1717,2023-07-27
Aura essentials Benzalkonium Chloride 10mg/ 100ml 25ml,FDA Advisory No. 2023-1718,2023-07-27
Iso-Clean Isopropyl Alcohol 70% Solution with Moisturizer 330 mL,FDA Advisory No. 2023-1719,2023-07-27
Isopropyl Alcohol 70% Solution Perfect Care (Baby Powder) 500 mL,FDA Advisory No. 2023-1720,2023-07-27
Perfect Care 70% Ethyl Alcohol (Angel’s Breath) 500 mL,FDA Advisory No. 2023-1720,2023-07-27
Perfect Care 70% Ethyl Alcohol (Love Spell) 500 mL,FDA Advisory No. 2023-1720,2023-07-27
Alcogreen Ethyl Alcohol 70% Solution 500 ML,FDA Advisory No. 2023-1721,2023-07-27
Golden Mint Molecule The World’s Best & Finest High Grade Premium Aromatic & Therapeutic Essential Oils The Breath of Life,FDA Advisory No. 2023-1794,2023-08-14
Azithromycin 0.25 g Dispersible Tablets,FDA Advisory No. 2023-1795,2023-08-14
Dextromethorphan Hydrobromide 15mg Tablets,FDA Advisory No. 2023-1795,2023-08-14
Diclofenac Sodium 50 mg Suppositories,FDA Advisory No. 2023-1795,2023-08-14
Glufarelin Gold Special Nutrition for Diabetes 400g,FDA Advisory No. 2023-1796,2023-08-14
Avant Guard Avant Naturally-derived Ethyl Alcohol from Sugarcane 70% Solution 500 mL,FDA Advisory No. 2023-1797,2023-08-14
Gongliuning Jiaonang 0.45g,FDA Advisory No. 2023-1837,2023-08-15
Bifendate Pills 1.5mg,FDA Advisory No. 2023-1842,2023-08-23
Jinling Tab. Pingwei Tablet,FDA Advisory No. 2023-1842,2023-08-23
Lü Lei Ta Ding Pian– Loratadine Tablets (As reflected in package insert) 10mg Tablet,FDA Advisory No. 2023-1842,2023-08-23
OTC Amixin Loratadine Tablets Lüleitading Pian 10 mg Tablet,FDA Advisory No. 2023-1842,2023-08-23
Aroma A Moringa 30 mL,FDA Advisory No. 2023-1844,2023-08-23
Jinling® Anshen Bunao Pain 100 Tablets,FDA Advisory No. 2023-1845,2023-08-15
KPIC Pearl Yin Chiao Cold 30 Capsules,FDA Advisory No. 2023-1845,2023-08-15
Trade Mark Liu Wei Di Huang Wan 200 Pills,FDA Advisory No. 2023-1845,2023-08-15
Ye Tianshi Diabetes 120 Pills,FDA Advisory No. 2023-1845,2023-08-15
OTC Natural Green Leaf Skin Quick Clear Antifungal Cream 8g,FDA Advisory No. 2023-1872,2023-08-23
Asthma Cough Powder 2.0 g,FDA Advisory No. 2023-1873,2023-08-22
OTC H41023867 (Label in foreign language),FDA Advisory No. 2023-1873,2023-08-22
OTC Yueyang Tonglian Ranitidine Hydrochloride Capsule,FDA Advisory No. 2023-1873,2023-08-22
ZNW® Zheng Nan Wang Niuhuang Jeidu Pian (As reflected in package insert),FDA Advisory No. 2023-1873,2023-08-22
FUGICAL CREAM 15-Gm.,FDA Advisory No. 2023-1893,2023-09-14
"TAISHO Analgesic Balm Counterpain® Methyl Salicylate, Levomenthol, Eugenol 60 grams",FDA Advisory No. 2023-1893,2023-09-14
ZBT JINLING® Buchang Naoxintong Capsule 400 mg,FDA Advisory No. 2023-1893,2023-09-14
Aceite Alcanforado 60 mL,FDA Advisory No. 2023-1894,2023-09-14
Ap Ap Solution 60 ML,FDA Advisory No. 2023-1894,2023-09-14
Balsamo Carminativo 30 mL,FDA Advisory No. 2023-1894,2023-09-14
Bayer Cyproterone acetate 2 mg - Ethinylestradiol 0.035 mg (Diane®-35) Tablets 1 x 21’s,FDA Advisory No. 2023-1896,2023-09-14
WAWANG (MOSQUITO COIL) WITH FOREIGN LANGUAGE,FDA Advisory No. 2023-1921,2023-09-11
MOON STAR MOSQUITO COIL,FDA Advisory No. 2023-1922,2023-09-11
"Cebu Far Eastern Drug, Inc. Warts Solution 2 grams",FDA Advisory No. 2023-1959,2023-09-21
HeartMed Ethyl Alcohol 70% Solution 250 mL,FDA Advisory No. 2023-1960,2023-09-21
Medical Depot Isopropyl Alcohol 70% Solution 50 mL,FDA Advisory No. 2023-1960,2023-09-21
Medx Isopropyl Alcohol 70% Solution 60 mL,FDA Advisory No. 2023-1960,2023-09-21
OTC Natural Green Leaf® Aloe Vera Anti-Itch Cream Quick Soothing Relief for Irritated Skin 10 g,FDA Advisory No. 2023-1961,2023-09-21
National Shrine and Parish of St. Padre Pio Herbal Miracle Rub Menthol + Eucalyptus 25g,FDA Advisory No. 2023-1962,2023-09-21
Angel’s flo ETHYL ALCOHOL 70% Solution,FDA Advisory No. 2023-2172,2023-10-05
Lifepro Skin Care Herbal Care for Skin Derma,FDA Advisory No. 2023-2173,2023-10-05
Extra Strength Methyl Salicylate + Camphor + Menthol Mega Plus 120 mL,FDA Advisory No. 2023-2174,2023-10-05
Methylsalicylate Menthol + Camphor Carlrica® Tanglad Linement Oil 60 mL,FDA Advisory No. 2023-2174,2023-10-05
Methyl Salicylate + Camphor + Menthol + Herbal Extract Power Lab Pito Pito Plus Herbal Liniment Oil Super Strength 60 mL,FDA Advisory No. 2023-2175,2023-10-05
Ultra Sulit Isopropyl Alcohol with moisturizer 70% Solution 500 mL,FDA Advisory No. 2023-2315,2023-11-13
Angel’s Flo Isopropyl Alcohol 70% Solution 100 mL,FDA Advisory No. 2023-2316,2023-11-13
Avant Guard Ethyl Alcohol 70% Solution with Moisturizer 150 mL,FDA Advisory No. 2023-2316,2023-11-13
S Isopropyl Alcohol 70% Solution,FDA Advisory No. 2023-2316,2023-11-13
Spring Clean Isopropyl Alcohol 70% Solution Moisturizer 250 mL,FDA Advisory No. 2023-2316,2023-11-13
Benzalkonium Chloride (Benzellin) 0.13% Tincture 7.5mL,FDA Advisory No. 2023-2317,2023-11-13
Agua Oxigenada F.E.U. XIV-10 Vols 120 mL,FDA Advisory No. 2023-2436,2023-12-07
Kanerga® Amoxicillin Capsules 0.25 g x 36,FDA Advisory No. 2023-2528,2023-12-21
Dahongying Meloxicam Tablets 7.5 mg,FDA Advisory No. 2023-2529,2023-12-21
OTC SUNFLOWER Xiao'er Chaigui Tuire Keli [As reflected in the package insert,FDA Advisory No. 2023-2530-A,2023-12-21
OTC SUNFLOWER Xiao'er Chaigui Tuire Keli [As reflected in the package insert],FDA Advisory No. 2023-2530,2023-12-21
OTC Keteling Jiaonang [As reflected in the package insert],FDA Advisory No. 2023-2531,2023-12-21
Cefaclor Capsules 0.25 g,FDA Advisory No. 2023-2532,2023-12-21
Cefradine Capsules 0.25 g,FDA Advisory No. 2024-0323,2024-02-23
OTC Erythromycin Ointment,FDA Advisory No. 2024-0323,2024-02-23
OTC Fenbid Ibuprofen Sustained-release Capsules,FDA Advisory No. 2024-0323,2024-02-23
Rengong Niuhuang Jiaxiaozuo Jiaonang Capsule,FDA Advisory No. 2024-0323,2024-02-23
Jinling Sanshedan Chuanbei Ye 10 mL Vial 12’s,FDA Advisory No. 2024-0324,2024-02-23
Korean Red Ginseng Powder Capsule 100’s,FDA Advisory No. 2024-0324,2024-02-23
"Taisho Analgesic Balm Counterpain® Methyl Salicylate, Levomenthol, Eugenol 30 grams",FDA Advisory No. 2024-0324,2024-02-23
Acetaminophen Capsules Spasmo-Proxyvon® Plus 8’s,FDA Advisory No. 2024-0325,2024-02-23
Baidyanath Asli Ayurved Prost Aid Tablet 50’s,FDA Advisory No. 2024-0325,2024-02-23
HimalayaTM Bresol®-NS Saline Nasal Solution 10 ml,FDA Advisory No. 2024-0325,2024-02-23
Intas Sildenafil Citrate Tablets I.P. 50 mg Intagra 50 1 x 4 tablet,FDA Advisory No. 2024-0325,2024-02-23
Acnon 13 g,FDA Advisory No. 2024-0326,2024-02-23
Dongkook Madecassol Centella asiatica from nature 8g ointment,FDA Advisory No. 2024-0326,2024-02-23
Samil Forus 5g Ophthalmic Ointment,FDA Advisory No. 2024-0326,2024-02-23
OTC Erythromycin Ointment,FDA Advisory No. 2024-0327,2024-02-23
OTC Gan Kang® Compound Paracetamol and Amantadine Hydrochloride Tablets,FDA Advisory No. 2024-0327,2024-02-23
OTC Huoxiang Zhengqi Shui,FDA Advisory No. 2024-0327,2024-02-23
OTC Jianwei Xiaoshi Pian,FDA Advisory No. 2024-0327,2024-02-23
GC Fursultamin Inj. Fursultiamine Hydrochloride 50mg/10mL ampoule,FDA Advisory No. 2024-0328,2024-02-23
GC Meganesium inj. 10% Magnesium Sulfate Hydrate 5mL x 50 Ampoules,FDA Advisory No. 2024-0328,2024-02-23
HAWON Haprokin inj. Frusultiamine Hydrochloride 10 mL,FDA Advisory No. 2024-0328,2024-02-23
Houns Ethical Ginkobal Inj. (Ginkgo Leaf Dried Extract) 17.5 mg/5mL,FDA Advisory No. 2024-0328,2024-02-23
LG Chem Declage Inj. Recombinant hGH (Somatropin) 3mg x 1 vial,FDA Advisory No. 2024-0328,2024-02-23
Golden City Brand China Liu Tam So,FDA Advisory No. 2024-0331,2024-02-23
HKC-14197 [Label in foreign language],FDA Advisory No. 2024-0331,2024-02-23
Myda-B Strong Cough Capsules HKCP-106365,FDA Advisory No. 2024-0331,2024-02-23
DongKwang Roxithromycin Tablet,FDA Advisory No. 2024-0332,2024-02-23
Ethical LIZTOX® Inj. Clostridium Botulinum Toxin Type A 100 Units,FDA Advisory No. 2024-0332,2024-02-23
SK 50mg,FDA Advisory No. 2024-0332,2024-02-23
Ethical WonderTox® Inj Clostridium Botulinum Toxin Type A 100 units x 1 vial,FDA Advisory No. 2024-0333,2024-02-23
Ethical WonderTox® Inj Clostridium Botulinum Toxin Type A 200 units x 1 vial,FDA Advisory No. 2024-0333,2024-02-23
Gangnam booster A Human adipose stromal cell 3 mL B Polycaprolactone 2 mL [Secondary packaging] Gangnam booster A human adipose stromal cell 3mL [Primary packaging] Gangnam booster B Polycaprolactone 2 mL [Primary packaging],FDA Advisory No. 2024-0333,2024-02-23
"SHIN POONG Antispasmodic Eukinetic Agent Tiram Injection Tiropramide HCL 3 mL x 50 Ampoules for I.M., I.V.",FDA Advisory No. 2024-0333,2024-02-23
Himalaya® Koflet® Cough Syrup 100 mL,FDA Advisory No. 2024-0334,2024-02-23
INTAS Sildenafil Citrate Tablets I.P. 100 mg Intagra 100,FDA Advisory No. 2024-0334,2024-02-23
SHETH BROTHERS Ayurvedic Kayam® Tablet,FDA Advisory No. 2024-0334,2024-02-23
ZANDU Nityam Ayurvedic Vati Castor Oil Shakti Tablet,FDA Advisory No. 2024-0334,2024-02-23
Miao Relieves Headache Qu Feng You 10 mL [As reflected in the secondary packaging] Miao Qu Feng You Relieves Headache 10 mL [As reflected in the primary packaging],FDA Advisory No. 2024-0335,2024-02-23
DAI HAN Epinephrine inj. (Adrenaline Inj. K.P.) 1mL x 50 Ampoules,FDA Advisory No. 2024-0336,2024-02-23
Huons Vitamo Inj. (D-Panthenol) 500 mg/ 2 mL Injection 2mL x 50 Ampoules,FDA Advisory No. 2024-0336,2024-02-23
[Label in foreign language] 1g Vial,FDA Advisory No. 2024-0336,2024-02-23
Huons Hycomin Inj. (Hydroxocobalamin) 5 mg/ 2 mL x 50 Ampoules,FDA Advisory No. 2024-0337,2024-02-23
Huons Pyridoxine HCl Inj. Vitamin B 50 mg/mL 50 Ampoules,FDA Advisory No. 2024-0337,2024-02-23
Fenhuangyi’An Zhusheye 2mL:0.5 g Ampoule,FDA Advisory No. 2024-0501,2024-03-13
Levofloxacin Hydrochloride Ear Drops 5 mL,FDA Advisory No. 2024-0501,2024-03-13
Pharm® Tuobaokewo Fenspian – Cefixime Dispersible Tablet [as reflected in package insert],FDA Advisory No. 2024-0501,2024-03-13
Vitamin B12 Injection 1mL: 0.25mg Ampoule,FDA Advisory No. 2024-0501,2024-03-13
Minoxidil Nexxus Hair Regrowth Treatment 6% Minoxidil 60 mL,FDA Advisory No. 2024-0502,2024-03-13
ETHICON® PROLENETM POLYPROPYLENE ETHALLOYTM NEEDLE ALLOY,FDA Advisory No. 2024-0519,2024-03-15
Climen® Estradiol valerat/Siproteron asetat 2mg+2mg/1mg Kapli Tablet,FDA Advisory No. 2024-0526,2024-03-15
Elleacnelle® Siproteron asetat 2000 mcg/ Etinilestradiol 35 mcg Kapli Tablet,FDA Advisory No. 2024-0526,2024-03-15
"Testoviron Depot (Testosterone enanthate) 250 mg, 1mL Ampoule",FDA Advisory No. 2024-0526,2024-03-15
gsk Dermovate Cream (Clobetasol) 20 grams,FDA Advisory No. 2024-0533,2024-03-19
Androcur TM (Cyproterone acetate) [Label in foreign language] 50 mg Tablet,FDA Advisory No. 2024-0534,2024-03-19
Androcur® Siproteron asetat [Label in foreign language] 50 mg Tablet,FDA Advisory No. 2024-0534,2024-03-19
Dianne ® – 35 Cyproterone acetate 2.00 mg/ Ethinylestradiol 0.035 mg Sugar-Coated Tablet [Label in foreign language],FDA Advisory No. 2024-0534,2024-03-19
Lean Slim Appetite Suppressant Mild Capsule 30’s,FDA Advisory No. 2024-0534,2024-03-19
Lean Slim Appetite Suppressant Strong Capsule 30’s,FDA Advisory No. 2024-0534,2024-03-19
0.9% Sodium Chloride 100mL,FDA Advisory No. 2024-0535,2024-03-20
NSAIDs Dexirofen (Dexibuprofen) Tablet,FDA Advisory No. 2024-0535,2024-03-20
Saxenda® 3mL x 5 pre-filled pens,FDA Advisory No. 2024-0535,2024-03-20
TG Dominas Cream Rx 10 g,FDA Advisory No. 2024-0535,2024-03-20
Calcium Gluconate Injection 10 mL Ampoule,FDA Advisory No. 2024-0536,2024-03-20
OTC Cremor Olei Ocimi Gratissimi Et Boracis 65 g,FDA Advisory No. 2024-0536,2024-03-20
OTC KAIXIU® Fenghan Ganmao Keli,FDA Advisory No. 2024-0536,2024-03-20
Qian Jiang Ji Yan Zu Bu Tie,FDA Advisory No. 2024-0536,2024-03-20
Norfloxacin Capsules,FDA Advisory No. 2024-0557,2024-05-04
OTC China Time-honored Brand Xuhanting Keli [As refelected in the package insert],FDA Advisory No. 2024-0557,2024-05-04
OTC Sodium Cromoglicate Eye Drops,FDA Advisory No. 2024-0557,2024-05-04
Ribavirin Eye Drops 8mL: 8 mg,FDA Advisory No. 2024-0557,2024-05-04
Anchajian Huanshipian Aminophylline Sustained-Release Tablets 0.1 g [as reflected in package insert],FDA Advisory No. 2024-0574,2024-04-11
Hasen Sterile Water for Injection 2mL,FDA Advisory No. 2024-0574,2024-04-11
OTC Ibuprofen Granules,FDA Advisory No. 2024-0574,2024-04-11
Zang Jikang® (as translated) [Label in foreign language],FDA Advisory No. 2024-0574,2024-04-11
0.9% Sodium Chloride 100 mL,FDA Advisory No. 2024-0575,2024-04-11
Hair Tonic 20 Minoxidil + Finasteride ++ (Vitamin A + Collagen + Others),FDA Advisory No. 2024-0575,2024-04-11
KOSDAQ Cindella Inj. I.V. (Thioctic acid 25mg/5mL) ampoules,FDA Advisory No. 2024-0575,2024-04-11
KOSDAQ DHNP S.C./I.M./I.V. Vitamin C Inj. Ascorbic acid 10g/20mL vials,FDA Advisory No. 2024-0575,2024-04-11
KOSDAQ I.M. / I.V. Infusion Luthione Inj. 1200mg,FDA Advisory No. 2024-0575,2024-04-11
Jinhua Qinggan Keli,FDA Advisory No. 2024-0576,2024-04-11
OTC Clindamycin Phosphate Gel,FDA Advisory No. 2024-0576,2024-11-04
OTC Me Polyvinyl Alcohol Eye Drops,FDA Advisory No. 2024-0576,2024-11-04
OTC Z36021451 [Label in foreign language],FDA Advisory No. 2024-0576,2024-11-04
"Diprivan® (Propofol) Injectable Emulsion, USP 200 mg per 20 mL (10 mg per mL) 20 mL Vial",FDA Advisory No. 2024-0637,2024-04-22
"Ropivacaine HCl Injection, USP 0.5% 150 mg/ 30 mL (5 mg/mL) 30 mL Single-Dose Vial",FDA Advisory No. 2024-0637,2024-04-22
Yulin Yun Xiang Jing 30 C.C.,FDA Advisory No. 2024-0638,2024-04-25
Yulin Zheng Gu Shui 30mL,FDA Advisory No. 2024-0638,2024-04-25
Echeng Qianbai Biyan Pian,FDA Advisory No. 2024-0640,2024-04-30
Nin Jiom Pei Pa Koa [Label in foreign language],FDA Advisory No. 2024-0640,2024-04-30
OTC LN Bromohexine Hydrochloride Tablet,FDA Advisory No. 2024-0640,2024-04-30
OTC Shumi Jiaonang [as reflected in package insert],FDA Advisory No. 2024-0640,2024-04-30
Lido-Jel Topical Anesthetic Gel Strawberry Flavor 30GMS,FDA Advisory No. 2024-0641,2024-04-25
Bodymate 70% Isopropyl Alcohol Antiseptic Sanitizer 500 mL,FDA Advisory No. 2024-0653,2024-04-25
Recombinant Human Erythropoietin Injection IP 4000 IU (Renocrit TM 4000) Single dose pre-filled syringe of 4000 IU/ 0.4 mL,FDA Advisory No. 2024-0742,2024-06-05
Chlorzoxazone 0.29 Tablet g,FDA Advisory No. 2024-0743,2024-06-05
GUANG HUI Compound Ketoconazole Cream,FDA Advisory No. 2024-0743,2024-06-05
JUCISHAN® Dexamethasone Sodium Phosphate Injection 1 mL : 5 mg Ampoule,FDA Advisory No. 2024-0743,2024-06-05
OTC JUCISHAN Sodium Cromoglicate Eye Drops,FDA Advisory No. 2024-0743,2024-06-05
Recombinant Human Erythropoietin Injection IP 4000 IU (Renocrit TM 4000) Single dose pre-filled syringe of 4000 IU/ 0.4 mL,FDA Advisory No. 2024-0743-A,2024-06-05
NANZ i-Drops 15ml,FDA Advisory No. 2024-0744,2024-06-05
Haima Baji Jiaonang,FDA Advisory No. 2024-0745,2024-06-05
OTC GOLDEN SUN Clindamycin Hydrochloride Gel,FDA Advisory No. 2024-0745,2024-06-05
OTC Loratadine Tablets,FDA Advisory No. 2024-0745,2024-06-05
OTC Metronidazole and Chlorhexidine Lotion,FDA Advisory No. 2024-0745,2024-06-05
Dawnrays Levocetirizine Dihydrochloride Tablets 5mg,FDA Advisory No. 2024-0746,2024-06-05
Lihua Bidouyan Pian [as translated],FDA Advisory No. 2024-0746,2024-06-05
MINSHENG Tobramycin and Dexamethasone Eye Drops 5mL,FDA Advisory No. 2024-0746,2024-06-05
OTC Topfond Luleitading Pian Loratadine Tablets,FDA Advisory No. 2024-0746,2024-06-05
TRT Pharma Pifubing Xuedu Wan,FDA Advisory No. 2024-0746,2024-06-05
OTC Erythromycin Ointment 5g,FDA Advisory No. 2024-0747-A,2024-06-05
Partners® Alcohol Pads 75% Ethyl Alcohol,FDA Advisory No. 2024-0750,2024-05-08
Glutax® 4000GS Cell Rejuvenation Softgel 60’s,FDA Advisory No. 2024-0751,2024-05-08
Natural Eye Drops 15 mL (250 drops),FDA Advisory No. 2024-0752,2024-05-08
Tetanus Antitoxin 1500I.U./0.75ML Solution for Injection (I.M./S.C.),FDA Advisory No. 2024-0754-A,2024-05-08
Kidneys Nano 20 Effervescent,FDA Advisory No. 2024-0755,2024-05-13
BAIAN Lishou Fuling Jiaonang,FDA Advisory No. 2024-0756,2024-05-09
"BIO SKIN I.V. Bio Collagen Stem Cell Extract 10,000 mg/ Ampoule 5 mL",FDA Advisory No. 2024-0756,2024-05-09
Premium Power-Cell Lucchini 2 mL,FDA Advisory No. 2024-0756,2024-05-09
Thai FD Pueraria Mirifaca Compound Capsule 100’s,FDA Advisory No. 2024-0756,2024-05-09
WOWRINA Compound Pueraria Mi rifica Capsule Quara Botanical 60 Capsules,FDA Advisory No. 2024-0756,2024-05-09
Laroscorbine Platinium E-UR Gold®,FDA Advisory No. 2024-0757,2024-05-09
NBK Finasten Tab. 1mg (Finasteride),FDA Advisory No. 2024-0757,2024-05-09
UnivaaxTM PYROGEN FREE STERILE WATER FOR INJECTION I.P. 5 mL,FDA Advisory No. 2024-0757,2024-05-09
VITAMIN C INJECTION 500 mg/ 2ml I.M./I.V.,FDA Advisory No. 2024-0757,2024-05-09
Vitamin B Complex Injection (Polywin) 2 mL,FDA Advisory No. 2024-0757,2024-05-09
Fluocinonide Cream 20g:5mg,FDA Advisory No. 2024-0758,2024-05-14
S-Nature Hilbas Plus Herbal Oil 30mL,FDA Advisory No. 2024-0770,2024-05-15
Fairwin Freedom & Wellness Feel Well Rub 15gms.,FDA Advisory No. 2024-0771,2024-05-15
"Mineral Eye Drops Natural Source, Perfect Solution",FDA Advisory No. 2024-0772,2024-05-15
Tin’s Organics Herbs & Mint Herbal Mentholated Rub,FDA Advisory No. 2024-0772,2024-05-15
Balsamo Carminativo 60 mL,FDA Advisory No. 2024-0794,2024-05-24
Camphor + Menthol + Methyl Salicylate (Dragon Balm) 15 g/15g/10mL/ 100g 20g,FDA Advisory No. 2024-0795,2024-05-24
Salicylic Acid 1.05mL + Sulfur Powder 1.05g + Camphor Powder 0.7g + Menthol Crystal 0.15g + Eucalyptus Oil 0.14mL (Dragon Skin Ointment),FDA Advisory No. 2024-0795,2024-05-24
Calcium Gluconate + Oral Rehydration Salts + Vitamin D3 + Fenugreek (Dextrolyte® Lacta) 5g Soluble Powder,FDA Advisory No. 2024-0796,2024-05-23
Dextrose Anhydrous + Sodium Chloride + Sodium Citrate Dihydrate + Potassium Chloride (Dextrolyte®) 5g Soluble Powder,FDA Advisory No. 2024-0796,2024-05-23
Prolific Tails D-Glucose Monohydrate Dextrose Powder 99.9% Glucose monohydrate 100 grams,FDA Advisory No. 2024-0796,2024-05-23
Lidocain 10% Thuôc Phun Mù Lidocaine 38 g,FDA Advisory No. 2024-0798,2024-05-27
Sumifun® Capsicum Plaster – Hot 8 Patches 70 mm*10 mm,FDA Advisory No. 2024-0799,2024-05-23
"Supreme Isopropyl Alcohol 70% Solution with Dual Moisturizer, Aloe Vera Extract and Tea Tree Oil with Fresh Scent 150mL",FDA Advisory No. 2024-0799,2024-05-23
Battlecock Amino Acids + Vitamin E + Probiotic + L- Carnitine ( El Toro) Tablet 100’s,FDA Advisory No. 2024-0800,2024-05-23
Battlecock Multivatamins + Minerals + B Complex + Electrolyte + Amino Acids + Prebiotics (VitminPro 357) Tablet 100’s,FDA Advisory No. 2024-0800,2024-05-23
"Battlecock Paracetamol + Sulfadiazine Sodium + Trimethoprim + Sulfaclozine Sodium, (Sulpar QR) Tablets 100’s",FDA Advisory No. 2024-0800,2024-05-23
Battlecock Phenothiazine + Dibutyltin Dilaurate + Piperazine (Wormal) 500 mg/130 mg/75 mg Tablet 100’s,FDA Advisory No. 2024-0800,2024-05-23
Tylosin Phosphate + Amoxicillin Trihydrate + Paracetamol (Premoxil 550) 220 mg/50 mg/10 mg Tablet 100’s,FDA Advisory No. 2024-0800,2024-05-23
Cimetidine Injection 2mL:0.2g Ampule,FDA Advisory No. 2024-0803,2024-05-31
Compound Bismuth Subnitrate Tablets,FDA Advisory No. 2024-0803,2024-05-31
Jingxin Pharmceutical Roxithromycin Capsules 0.15g,FDA Advisory No. 2024-0803,2024-05-31
Niaosu Ruangao,FDA Advisory No. 2024-0803,2024-05-31
OTC Dextromethorphan Hydrobromide Syrups,FDA Advisory No. 2024-0803,2024-05-31
OTC Fufang Cusuan Disaimisong Rugao – Compound Dexamethasone Acetate Cream [As reflected in the package insert],FDA Advisory No. 2024-0804,2024-05-31
OTC SK&F Panadol [As reflected in the secondary packaging] OTC Duiyixiananjifen Pian – Paracetamol Tablets [As reflected in the package insert],FDA Advisory No. 2024-0804,2024-05-31
OTC Vitamin C Effervescent Tablets [As reflected in the primary packaging] OTC Weishengsu C Paoteng Pian – Vitamin C Effervescent Tablets [As reflected in the package insert],FDA Advisory No. 2024-0804,2024-05-31
Tobramycin Dexamethasone Eye Drops 5 mL,FDA Advisory No. 2024-0804,2024-05-31
HASEN® Yansuan Linkemeisu Zhusheye – Lincomycin Hydrochloride Injection 1mL:0.2g Ampoule,FDA Advisory No. 2024-0805,2024-05-31
OTC Vitamin E Soft Capsules,FDA Advisory No. 2024-0805,2024-05-31
"OTC mamiai® Combined B. Subtilis and E. Faecium Granules With Multivitamines, Live Medilac-Vita®",FDA Advisory No. 2024-0805,2024-05-31
PHARM® Cefixime Dispersible Tablets 100mg,FDA Advisory No. 2024-0805,2024-05-31
Triamcinolone Acetonide Nasal Spray 120 doses,FDA Advisory No. 2024-0805,2024-05-31
FAREVER Ribavirin Eye Drops 8mL:8mg,FDA Advisory No. 2024-0806,2024-05-31
Fluocinonide Cream 10g:2.5mg,FDA Advisory No. 2024-0806,2024-05-31
Hydrobenzole Hydrochloride Eye Drops 8mL:8 mg,FDA Advisory No. 2024-0806,2024-05-31
OTC FRONT Keneizou Rugao – Clotrimazole Cream [As reflected in the package insert],FDA Advisory No. 2024-0806,2024-05-31
OTC NANYANG® Mengtuoshisan,FDA Advisory No. 2024-0806,2024-05-31
Cefradine Capsules 0.25g,FDA Advisory No. 2024-0818,2024-06-06
Guoyaozhinzhi Qianlie Shule Jiaonang 48 Capsules,FDA Advisory No. 2024-0818,2024-06-06
Hong yu jin hong tang Shujinhouxuepian,FDA Advisory No. 2024-0818,2024-06-06
Lianhua Qingwen Keli,FDA Advisory No. 2024-0818,2024-06-06
OTC Xiangsha Yangwei Wan 200 pills [as reflected in the package insert],FDA Advisory No. 2024-0818,2024-06-06
Guangxin Panacis Quinquefolii Radix,FDA Advisory No. 2024-0819,2024-06-06
OTC Hongmeisu Rungao Erythromycin Ointment [As reflected in the package insert],FDA Advisory No. 2024-0819,2024-06-06
OTC Tongqiaobiyanpian,FDA Advisory No. 2024-0819,2024-06-06
Moroxydine Hydrochloride Tablets 0.1g,FDA Advisory No. 2024-0820,2024-06-06
OTC Ranitidine Hydrochloride Capsules 0.15g,FDA Advisory No. 2024-0820,2024-06-06
"Shou Feng Qi Zheng [as translated, label in foreign language]",FDA Advisory No. 2024-0820,2024-06-06
Yellow River [Label in foreign language],FDA Advisory No. 2024-0820,2024-06-06
DOCTOR BEAR Cefixime Granules 50 mg,FDA Advisory No. 2024-0821,2024-06-06
Disaimisong Linsuanna Zhusheye – Dexamethasone Sodium Phosphate Injection 1ml:5mg Ampoule,FDA Advisory No. 2024-0821,2024-06-06
OTC Fufang Yuchuangmufenhuangsuanjia Koufu Rongye,FDA Advisory No. 2024-0821,2024-06-06
OTC TAITA Cusuan Disaimisong Kouqiang Tiepian – Dexamethasone Acetate Oral Mucoadhesive Patches [As reflected in the package insert],FDA Advisory No. 2024-0821,2024-06-06
Quingkailing Zhusheye 10 mL Ampoule [As reflected in the package insert],FDA Advisory No. 2024-0821,2024-06-06
H41021606 [Label in foreign language],FDA Advisory No. 2024-0822,2024-06-06
HS® [Label in foreign language],FDA Advisory No. 2024-0822,2024-06-06
LT H41022843 [Label in foreign language],FDA Advisory No. 2024-0822,2024-06-06
OTC G® Keteling Pian Tablet,FDA Advisory No. 2024-0822,2024-06-06
OTC H42020606 [Label in foreign language],FDA Advisory No. 2024-0822,2024-06-06
The Daily® Essencials Ethyl Alcohol 70% Solution 500 mL,FDA Advisory No. 2024-0830,2024-06-06
Chang Chow Pien Tze Huang Gan Bao Tablets,FDA Advisory No. 2024-0832,2024-06-06
Fluconazole Capsules 0.15g,FDA Advisory No. 2024-0832,2024-06-06
OTC Huanglian Shangqing Wan,FDA Advisory No. 2024-0832,2024-06-06
OTC Longdan Xiegan Wan,FDA Advisory No. 2024-0832,2024-06-06
Desonide Cream 15g 0.05%,FDA Advisory No. 2024-0833,2024-06-06
Huifa Zhisuning Pian,FDA Advisory No. 2024-0833,2024-06-06
Mogashan Libaweilin Pian Ribavirin Tablets 0.1g [as reflected in package insert],FDA Advisory No. 2024-0833,2024-06-06
OTC Guipi Wan,FDA Advisory No. 2024-0833,2024-06-06
Green Grass Embrocation 60mL,FDA Advisory No. 2024-0834,2024-06-06
White Bear Brand Relaxed Balm 8 mL,FDA Advisory No. 2024-0835,2024-06-06
Defender 70% Ethyl Alcohol Solution with Moisturizer 250 mL,FDA Advisory No. 2024-0836,2024-07-06
Kanari 70% Ethyl Alcohol Solution with Moisturizer Cucumber Melon Scent 500 mL,FDA Advisory No. 2024-0836,2024-07-06
OTC Yiqi Yangxue Koufuye [as reflected in the package insert],FDA Advisory No. 2024-0892,2024-06-14
Quanlieshule Ruanjiaonang [as reflected in the package insert],FDA Advisory No. 2024-0892,2024-06-14
Sinopharm Dexamethasone Acetate Cream 10g:5mg,FDA Advisory No. 2024-0892,2024-06-14
Yougui Wan,FDA Advisory No. 2024-0892,2024-06-14
AstraZeneca Bricanyl® 2.5mg Tablets [Label in foreign language],FDA Advisory No. 2024-0893,2024-06-14
Mikuimote Rugao – Imiquimod Cream [As reflected in the package insert],FDA Advisory No. 2024-0893,2024-06-14
OTC Keteling Pian,FDA Advisory No. 2024-0893,2024-06-14
OTC Naphazoline Hydrochloride Chlorphenamine Maleate and Vitamin B12 Eye Drops 10 mL,FDA Advisory No. 2024-0893,2024-06-14
OTC Pearl Eye Drops,FDA Advisory No. 2024-0893,2024-06-14
gsk Panadol Cam Cum 500 mg + 25 mg + 5 mg Tablets,FDA Advisory No. 2024-1002,2024-07-19
gsk Panadol Extra Paracetamol + Caffeine 500 mg + 65 mg Tablet,FDA Advisory No. 2024-1002,2024-07-19
Defender 70 Isopropyl Alcohol Solution with Moisturizer 500 mL,FDA Advisory No. 2024-1003,2024-07-19
"Supreme 70 % Solution Isopropyl Alcohol with Dual Moisturizer, Aloe Vera Extract, Tea Tree Oil and Vitamin E 500 mL",FDA Advisory No. 2024-1003,2024-07-19
"Supreme 70% Solution Ethyl Alcohol with Dual Moisturizer, Aloe Vera Extract, Tea Tree Oil and Vitamin E 500 mL",FDA Advisory No. 2024-1003,2024-07-19
UPSA SAS France Efferalgan® Paracetamol 500 mg Effervescent Tablet,FDA Advisory No. 2024-1004,2024-07-19
H41021606 [Label in foreign language],FDA Advisory No. 2024-1005,2024-07-29
HS® [Label in foreign language],FDA Advisory No. 2024-1005,2024-07-29
LT H41022843 [Label in foreign language],FDA Advisory No. 2024-1005,2024-07-29
OTC G® Keteling Pian Tablet,FDA Advisory No. 2024-1005,2024-07-29
OTC H42020606 [Label in foreign language],FDA Advisory No. 2024-1005,2024-07-29
Minyak Batu Sai Kong,FDA Advisory No. 2024-1006,2024-05-09
Verapamil HCI Injection USP 5 mg (2.5 mg/mL) 2 mL,FDA Advisory No. 2024-1007,2024-07-29
MS® Miao Skin Firster 15g,FDA Advisory No. 2024-1008,2024-07-30
Hong Shi Zhisuning Pian,FDA Advisory No. 2024-1009,2024-07-29
Lufen Huang Min Pian Compound Diclofenac Sodium and Chlorphenamine Maleate Tablet [As reflected in the package insert],FDA Advisory No. 2024-1009,2024-07-29
OTC Ganmao Qingre Keli,FDA Advisory No. 2024-1009,2024-07-29
Pule’ an Pian [As reflected in the package insert],FDA Advisory No. 2024-1009,2024-07-29
Yaoxitong Jiaonang [As reflected in the package insert],FDA Advisory No. 2024-1009,2024-07-29
Diclofenac Sodium Sustained Release Capsules 0.1g,FDA Advisory No. 2024-1010,2024-07-29
OTC Lixiao Zhuangyaojianshen Wan,FDA Advisory No. 2024-1010,2024-07-29
OTC Yulin® Shiduqing Jiaonang,FDA Advisory No. 2024-1010,2024-07-29
Extra Strength Glutathione Collagen Glow Anti-Aging Formula 60 Gummies,FDA Advisory No. 2024-1011,2024-07-29
Glutathione Collagen Glow 60 Gummies,FDA Advisory No. 2024-1011,2024-07-29
Nature Glow Glutathione Collagen Glow 30 Gummies,FDA Advisory No. 2024-1011,2024-07-29
Aciclovir Eye Drops 8ml:8 mg,FDA Advisory No. 2024-1012,2024-07-26
Baogong Zhixue Keli,FDA Advisory No. 2024-1012,2024-07-26
Shu Jin Hou Xue Pian,FDA Advisory No. 2024-1012,2024-07-26
Sino-TCM OTC Zu Guang San,FDA Advisory No. 2024-1012,2024-07-26
"Gentamycin Sulfate, Procaine Hydrochloride, and Vitamin B12 Capsule",FDA Advisory No. 2024-1014,2024-07-26
Ginwa Transfer Factor Oral Solution 10mL x 6,FDA Advisory No. 2024-1014,2024-07-26
OTC Bazhen Yimu Wan,FDA Advisory No. 2024-1014,2024-07-26
Round Pink Coated Tablets 50’s,FDA Advisory No. 2024-1015,2024-07-26
Care of Your Health Alcohol Pads Saturated with 70% Isopropyl Alcohol 100 Pcs,FDA Advisory No. 2024-1016,2024-07-26
Dawnrays Amlodipine Besylate Tablets 5mg,FDA Advisory No. 2024-1018,2024-07-26
OTC Triamcinolone Acetonide Acetate and Miconazole Nitrate and Neomycin Sulfate Cream,FDA Advisory No. 2024-1018,2024-07-26
Xiong Dan Zhi Chuang Gao,FDA Advisory No. 2024-1018,2024-07-26
Lanoxin (Digoxin) Tablets 0.25mg 25’s,FDA Advisory No. 2024-1019,2024-07-26
Remdesivir (Rembosch) 100 mg Lyophilized Powder for Infusion I.V.,FDA Advisory No. 2024-1019,2024-07-26
Toothache Drops 1⁄4 oz,FDA Advisory No. 2024-1020,2024-07-19
L.A. Aceite De Alcamforado 25 mL,FDA Advisory No. 2024-1045,2024-08-15
OTC 999 Ganmaoling Jiaonang [Mark as TRTCM “1”],FDA Advisory No. 2024-1074,2024-07-08
Tsunami® Inhaler 0.9 g [Mark as TRTCM “3”],FDA Advisory No. 2024-1074,2024-07-08
Vitamin C effervescent tablets Solid beverage [Mark as TRTCM “2”],FDA Advisory No. 2024-1074,2024-07-08
NAVET-AFSVAC,FDA Advisory No. 2024-1190,2024-08-22
AlcalisTM onecare® 2.8 g Sachet,FDA Advisory No. 2024-1224,2024-05-09
KPIC REFINED JUK TSYN SHIU DUO WAN PILLS 100'S,FDA Advisory No. 2024-1225-A,2024-09-09
"KUMO SUPREME WHITE Coenzyme Q10 2,500 mg, Vegetal Placenta 10,000 mg, Ascorbic Acid 2,000 mg",FDA Advisory No. 2024-1228,2024-09-17
"KUMO SUPREME WHITE Glutathione 300,000 mg, Amino Acid 2,500 mg",FDA Advisory No. 2024-1228,2024-09-17
"KUMO SUPREME WHITE Natural Collagen 5,000 mg, Celergen Stem Cell Extract Nano Alpha Lipoic 10,000 mg, Acid Plus (N-ALA + ) 5,000 mg",FDA Advisory No. 2024-1228,2024-09-17
Medivac Coryza B Inactivated Suspension Vaccine 10 mL,FDA Advisory No. 2024-1308,2024-02-10
BAIPAI Nuangong Yunzi Wan,FDA Advisory No. 2024-1309,2024-02-10
Furosemide Injection 2mL:20mg,FDA Advisory No. 2024-1309,2024-02-10
OTC Calcium and Zinc Gluconates Oral Solution,FDA Advisory No. 2024-1309,2024-02-10
OTC Putaotangsuanyatie Tangjiang Vial,FDA Advisory No. 2024-1309,2024-02-10
Topfond Meheco Lincomycin Hydrochloride Injection-Yansuan Linkemeisu Zhusheye [As reflected in package insert],FDA Advisory No. 2024-1309,2024-02-10
Medivac Gumboro A Freeze-Dried live vaccine against Infectious Bursal Disease (IBD/Gumboro disease) in poultry 100 doses; [Diluent]: LD® Vaccine Solvent for 100 doses,FDA Advisory No. 2024-1310,2024-02-10
Chlorphenamine Maleate Injection 1ml:10mg,FDA Advisory No. 2024-1311,2024-02-10
OTC Clotrimazole Suppository – Kemeizu Shuan [As reflected in package insert],FDA Advisory No. 2024-1311,2024-02-10
OTC Huoxue Zhitong Jiaonang 0.25g Capsule,FDA Advisory No. 2024-1311,2024-02-10
OTC SINO-TCM Fufang Zhenzhu Anchuang Pian [As reflected in package insert],FDA Advisory No. 2024-1311,2024-02-10
Simvastatin 10 mg Tablets,FDA Advisory No. 2024-1311,2024-02-10
HUAYI® Vitamin C Injection 2ml:0.5g Ampoule,FDA Advisory No. 2024-1312,2024-02-10
Itraconazole Capsules 0.1g,FDA Advisory No. 2024-1312,2024-02-10
Norfloxacin Capsules 0.1 g,FDA Advisory No. 2024-1312,2024-02-10
RHP® Fusaimi Zhusheye – Furosemide Injection 2ml:20mg,FDA Advisory No. 2024-1312,2024-02-10
OTC Buzhong Yiqi Wan,FDA Advisory No. 2024-1313,2024-02-10
OTC Chang Kang Pian,FDA Advisory No. 2024-1313,2024-02-10
OTC JFKPG Jingfukang Keli,FDA Advisory No. 2024-1313,2024-02-10
OTC Oral Rehydration Salts Powder – Koufu Buyeyan San [As reflected in package insert],FDA Advisory No. 2024-1313,2024-02-10
Zhendong Guizhi Fu Ling Wan,FDA Advisory No. 2024-1313,2024-02-10
AstraZeneca Betaloc Metropolol Tartrate Tablets – Jiushisuan Meituoluo’er Pian [As reflected in package insert],FDA Advisory No. 2024-1314,2024-02-10
Nifedipine Sustained-released Tablets 10 mg,FDA Advisory No. 2024-1314,2024-02-10
OTC FRONT® Cusuan Qu’annaide Rugao – Triamcinolone Acetonide Acetate Cream [As reflected in package insert],FDA Advisory No. 2024-1314,2024-02-10
Tongmai Keli 20 g granules,FDA Advisory No. 2024-1314,2024-02-10
Win-hey® Xuesaitong Pian 0.068 g (25 mg),FDA Advisory No. 2024-1314,2024-02-10
Cefuroxim 500 mg (Dúói dang cefuroxime axeti) VIDIPHA,FDA Advisory No. 2024-1315,2024-02-10
Lorucet-10 LORATADINE TABLETS 10 mg,FDA Advisory No. 2024-1315,2024-02-10
MEDLICET vièn nèn Cetirizine Dihydrochloride 10 mg,FDA Advisory No. 2024-1315,2024-02-10
Zaromax Japan GMP 500 Azithromycin,FDA Advisory No. 2024-1315,2024-02-10
Micosin 30 mL,FDA Advisory No. 2024-1317-A,2024-02-10
OTC 999 Compound Dexamethasone Acetate Cream – Fufang Cusuandisaimisong Rugao [As reflected in the package insert],FDA Advisory No. 2024-1318,2024-08-10
XIN SHENG TAI TANG® Niu Huang Jie Du Pian,FDA Advisory No. 2024-1318,2024-08-10
Flunarizine Hydrochloride Capsules 5mg Yansuan Funguiliqin Jiaonang [As reflected in the package insert],FDA Advisory No. 2024-1320,2024-08-10
Furen Pharmacy Jin Gang Teng Jiao Nang,FDA Advisory No. 2024-1320,2024-08-10
HOMESUN Levofloxacin Hydrochloride 0.1g Tablets,FDA Advisory No. 2024-1320,2024-08-10
Spycda MoxiFloxacin Hydrochloride Tablets 0.4g,FDA Advisory No. 2024-1320,2024-08-10
Valaciclovir Hydrochloride Tablets 0.15g,FDA Advisory No. 2024-1320,2024-08-10
Compound Glycyrrhizin Tablets,FDA Advisory No. 2024-1321,2024-09-10
Dahuoluo Wan 3.5g,FDA Advisory No. 2024-1321,2024-09-10
Kang Gong Yan Pian,FDA Advisory No. 2024-1321,2024-09-10
OTC Bayer Drospirenone + Ethinylestradiol (Yasmin®) Quluotong Quecichun Pian [As reflected in package insert],FDA Advisory No. 2024-1321,2024-09-10
Lido-Jel Topical Anesthetic Gel Watermelon Flavor 30 GMS,FDA Advisory No. 2024-1322,2024-02-10
CSH NEW [Label in foreign language],FDA Advisory No. 2024-1323,2024-09-10
Galculus Bovis and Metronidazole Capsules – Rengongniuhuang Jiaxiaozuo Jiaonang [ As reflected in the package insert],FDA Advisory No. 2024-1323,2024-09-10
Dabaidu Jiaonang 0.5g,FDA Advisory No. 2024-1324,2024-02-10
HJBC Transfer Factor Capsules 3mg:100μg,FDA Advisory No. 2024-1324,2024-02-10
OTC Mingmu Shangqing Pian [As reflected in package insert],FDA Advisory No. 2024-1324,2024-02-10
XINCAT Cefixime Capsules 100mg,FDA Advisory No. 2024-1324,2024-02-10
Xiaoyan Lidan Pian [As reflected in primary packaging],FDA Advisory No. 2024-1324,2024-10-02
Fluconazole and Sodium Chloride Injection 100ml,FDA Advisory No. 2024-1352,2024-10-02
Kelundayaochang® Glucose Injection 5% 250ml,FDA Advisory No. 2024-1352,2024-10-02
Kelundayaochang® Levofloxacin Hydrochloride and Sodium Chloride Injection 100ml,FDA Advisory No. 2024-1352,2024-10-02
Kelundayaochang® Sodium Chloride Injection 0.9% 250ml,FDA Advisory No. 2024-1352,2024-10-02
Thymopolypeptides Enteric-Coated Tablets 15mg Xiongxiantai Changrong Pian,FDA Advisory No. 2024-1352,2024-10-02
OTC Metronidazole Vaginal Effervescent Tablets – Jiaxiaozou Yindao Paotengpian [As reflected in the package insert],FDA Advisory No. 2024-1353,2024-09-10
Sodium Bicarbonate Injection 10ml,FDA Advisory No. 2024-1353,2024-09-10
Tinidazole Tablets 0.5 g,FDA Advisory No. 2024-1353,2024-09-10
Yatai® Clindamycin Hydrochloride Capsules 0.15g,FDA Advisory No. 2024-1353,2024-09-10
Zhitong Huazheng Jiaonang,FDA Advisory No. 2024-1353,2024-09-10
Abbott Fenofibrate (Lipanthyl® Micro) 200 mg Capsule,FDA Advisory No. 2024-1395,2024-10-15
Dexamethasone Sodium Phosphate Injection 1mL:5mg,FDA Advisory No. 2024-1395,2024-10-15
Nimesulide Granules 50 mg,FDA Advisory No. 2024-1395,2024-10-15
OTC Xiao’er Huatan Zhike Keli,FDA Advisory No. 2024-1395,2024-10-15
Yaoxitong Jiaonang [As reflected in the package insert],FDA Advisory No. 2024-1395,2024-10-15
DADEMEN® Bai Cao Zhi Yang Gao 20 g,FDA Advisory No. 2024-1396,2024-10-18
Gebaini® Fufang Tongkangzuo Fayong Xiji 50ml,FDA Advisory No. 2024-1396,2024-10-18
Isotretinoin Soft 10 mg Capsules,FDA Advisory No. 2024-1396,2024-10-18
OTC Liuwei Dihuang Wan,FDA Advisory No. 2024-1396,2024-10-18
OTC SINO-TCM Zaoren Anshen Jiaonang [As reflected in the package insert],FDA Advisory No. 2024-1396,2024-10-18
"Glutax® 22000000 GS Extremely Tremendous White SPF 100 UV Protection, Aeido Alfa Lipoico 200000 mg, Pro Coenzyme q 10 10000 mg, Acido Codico 50000 mg, Growth Factor 100000 mg, 10 mL Ampoule",FDA Advisory No. 2024-1397,2024-10-15
"Glutax® 22000000 GS Extremely Tremendous White SPF 100 UV Protection, Collagene Naturale 50000 mg, Multivitaminico 100000 mg, RNA HA 10000 mg, Selenio 50000 mg, 5 mL Ampoule",FDA Advisory No. 2024-1397,2024-10-15
"Glutax® 22000000 GS Extremely Tremendous White SPF 100 UV Protection, Nano Glutathione 22000000 mg, Grape Seed Extract 100000 mg, Sakura Extract Stemcell 100000 mg, RNA White Cells 50000 mg Vial",FDA Advisory No. 2024-1397,2024-10-15
Fuyankangpian,FDA Advisory No. 2024-1398,2024-10-18
OTC Hydrotalcite Chewable Tablets 0.5g Lutansuanmei Jujuepian [As reflected in the package insert],FDA Advisory No. 2024-1398,2024-10-18
OTC JURONG® Huangqi Jing [As reflected in the package insert],FDA Advisory No. 2024-1398,2024-10-18
OTC Min Zhou® Xiao chai hu Keli,FDA Advisory No. 2024-1398,2024-10-18
OTC Xiguashuang Runhou Pian [As reflected in the package insert],FDA Advisory No. 2024-1398,2024-10-18
China Time-honored Brand Z44023675 20 g [Label in foreign language],FDA Advisory No. 2024-1399,2024-10-18
OTC Dongxin® Tianma Toutong Pian,FDA Advisory No. 2024-1399,2024-10-18
OTC XinDiwei® Yi Mu Cao Ke Li,FDA Advisory No. 2024-1399,2024-10-18
Xian Zhu Li 15ml,FDA Advisory No. 2024-1399,2024-10-18
Xiao Mi Shuan,FDA Advisory No. 2024-1399,2024-10-18
OTC Ibuprofen Sustained-release Capsules 0.3g,FDA Advisory No. 2024-1400,2024-10-18
OTC Jianpi Keli,FDA Advisory No. 2024-1400,2024-10-18
"OTC Pediatric Paracetamol, Artificial Cow-bezoar and Chlorphenamine Maleate Granules – Xiao’er Anfen Huang Namin Keli 3 g [As reflected in the package insert]",FDA Advisory No. 2024-1400,2024-10-18
OTC Penyanjing Pian,FDA Advisory No. 2024-1400,2024-10-18
Vitamin B6 Injection – Weishengsu B6 Zhusheye 2ml:0.1g,FDA Advisory No. 2024-1400,2024-10-18
Cimetidine Injection 2ml:0.2g Ximitiding Zhusheye,FDA Advisory No. 2024-1401,2024-10-18
Clindamycin Phosphate Injection 2ml:0.3g,FDA Advisory No. 2024-1401,2024-10-18
OTC Dextromethorphan Hydrobromide Tablets,FDA Advisory No. 2024-1401,2024-10-18
OTC Xiao’er Yanbian Keli,FDA Advisory No. 2024-1401,2024-10-18
Suxiao Jiuxin Wan [As reflected in package insert],FDA Advisory No. 2024-1401,2024-10-18
Cefradine Capsules – Toubaolading Jiaonang 0.25 g [As reflected in the package insert],FDA Advisory No. 2024-1402,2024-10-18
Chlorphenamine Maleate Injection – Malaisuan Lubennamin Zhusheye 1ml:10mg,FDA Advisory No. 2024-1402,2024-10-18
Asthma Cough Powder,FDA Advisory No. 2024-1403,2024-10-16
Atorvastatin Calcium Tablets 10 mg,FDA Advisory No. 2024-1403,2024-10-16
Cefotaxine Sodium for Injection 1.0 g,FDA Advisory No. 2024-1403,2024-10-16
Fangzhibiyanpian 0.3 g,FDA Advisory No. 2024-1403,2024-10-16
SINE® Amikacin Sulfate Injection 2 mL:0.2 g,FDA Advisory No. 2024-1403,2024-10-16
JEBELPHARM® Leucogen Tablets 20 mg,FDA Advisory No. 2024-1404,2024-10-16
NINGMITAI® Ningmitai Jiaonang 0.38g,FDA Advisory No. 2024-1404,2024-10-16
OTC Huoxiang Zhengqi Jiaonang,FDA Advisory No. 2024-1404,2024-10-16
OTC Tongqiao Biyan Pian [As reflected in the package insert],FDA Advisory No. 2024-1404,2024-10-16
Amoxicillin capsules 0.25 g,FDA Advisory No. 2024-1405,2024-10-18
BETTER PHARMA Azithromycin for Injection0.25 g,FDA Advisory No. 2024-1405,2024-10-18
Febuxostat Tablets 40 mg,FDA Advisory No. 2024-1405,2024-10-18
OTC Fufang Qingganlan Liyan Hanpian [As reflected in the package insert],FDA Advisory No. 2024-1405,2024-10-18
SINOPHARM SANYI Halcinonide Solution 0.1% Solution 10mL,FDA Advisory No. 2024-1405,2024-10-18
"Medivac ND-AI H5N1 Subtype, Inactivated emulsion vaccine against Newcastle Disease (ND) and Avian Influenza (AI) in poultry 200 doses, 100 mL",FDA Advisory No. 2024-1466,2024-11-06
Papi BronCure 60 mL,FDA Advisory No. 2024-1468,2024-11-06
Fengshiding Jiaonang Capsule 0.3g [As reflected in package insert],FDA Advisory No. 2024-1470,2024-10-16
OTC Kangbingdu Koufuye,FDA Advisory No. 2024-1470,2024-10-16
OTC Shen Ling Bai Zhu Ke Li,FDA Advisory No. 2024-1470,2024-10-16
Progesterone Soft Capsules 0.1 g,FDA Advisory No. 2024-1470,2024-10-16
Pulen Atorvastatin Calcium Tablets 20 mg,FDA Advisory No. 2024-1470,2024-10-16
DiabetiCure Advanced Cure Premium Extra Strength,FDA Advisory No. 2024-1491,2024-11-06
Baotailingpian 0.3g Tablet,FDA Advisory No. 2024-1492,2024-11-06
Cefixime Granules 50 mg,FDA Advisory No. 2024-1492,2024-11-06
Gliclazide Sustained-release Tablet 30mg,FDA Advisory No. 2024-1492,2024-11-06
OTC Ambroxol Hydrochloride Tablets,FDA Advisory No. 2024-1492,2024-11-06
Ribavirin Injection – Libaweilin Zhusheye 1ml:0.1g,FDA Advisory No. 2024-1492,2024-11-06
OTC Fuyang Keli,FDA Advisory No. 2024-1493,2024-11-06
OTC Ganmao Qingre Keli,FDA Advisory No. 2024-1493,2024-11-06
Genben® Shenshitong Keli,FDA Advisory No. 2024-1494,2024-11-06
Metronidazole and Chlorhexidine Lotion,FDA Advisory No. 2024-1494,2024-11-06
Paracetamol and Tramadol Hydrochloride Tablets,FDA Advisory No. 2024-1494,2024-11-06
Raceanisodamine Hydrocloride Injection – Yansuan Xiaoxuan Shanlangdangjian Zhusheye 1mL:10mg,FDA Advisory No. 2024-1494,2024-11-06
(IN FOREIGN LANGUAGE) Korean Vermicelli,FDA Advisory No. 2024-1559,2024-11-06
Medivac AI H5N1 2.3 Subtype Inactivated emlusion vaccine against Avian Influenza (AI) in poultry 50 doses 25 mL,FDA Advisory No. 2024-1573,2024-11-13
Cefotaxime Sodium for Injection 1.0g,FDA Advisory No. 2024-1646,2024-12-18
Cetriaxone Sodium for Injection 1.0g,FDA Advisory No. 2024-1646,2024-12-18
OTC 999® Vitamin C Chewable Tablets – Weishengsu C Jujue Pian [As reflected in the package insert],FDA Advisory No. 2024-1646,2024-12-18
Potassium Chloride Injection 10 mL:1g,FDA Advisory No. 2024-1646,2024-12-18
Spectinomycin Hydrochloride for Injection – Zhusheyong Yansuan Daguanmeisu 2.0 g,FDA Advisory No. 2024-1646,2024-12-18
Fengliao Changweikang Pian 0.24 g,FDA Advisory No. 2024-1648,2024-12-18
JY H41024201 [Label in foreign language],FDA Advisory No. 2024-1648,2024-12-18
ZHENYUAN Nysfungin Tablets,FDA Advisory No. 2024-1648,2024-12-18
"[Illegally diverted] “Rabies Vaccine, Human I.P. (Purified Chick Embryo Cell Culture Rabies Vaccine) [PCECVPM] (Vaxirab N) ≥ 2.5 IU Lyophilized Powder for Solution for Injection (IM/ID) with Sterile Water for Injection IP (Batch No. RV40015, Expiry date: JAN.27; Diluent Batch No.: CH223004, Diluent Expiry Date: OCT. 2028; Syringe Batch No.: 3223843, Syringe Expiry Date: 2028-07)”",FDA Advisory No. 2024-1650,2024-12-16
CURE SHE Cytotic Tablets Misoprostol 200 μg Tablet,FDA Advisory No. 2024-1651,2024-12-16
Lamivudine/Zidovudine 30 mg/60 mg Dispersible Tablets,FDA Advisory No. 2024-1659,2025-01-06
ECO TREE FRUITS AND NUTS Beet Root Powder,FDA Advisory No. 2024-1732,2025-01-12
Cefradine Capsule 0.25 g,FDA Advisory No. 2024-1760,2025-01-16
Kelundayaochang Glucose Injection Putaotang Zhusheye 20 mL:10 g,FDA Advisory No. 2024-1760,2025-01-16
OTC QI LU Terbinafine Hydrochloride Cream – Yansuan Tebinaifen Rugao [As reflected in package insert],FDA Advisory No. 2024-1760,2025-01-16
Qinglin Keli [As reflected in the package insert],FDA Advisory No. 2024-1760,2025-01-16
Sailong Clindamycin Phosphate for Injection 0.6 g,FDA Advisory No. 2024-1760,2025-01-16
"Eucalyptol, Limonene and Pinene Enteric Soft Capsules 0.3 g",FDA Advisory No. 2025-0080,2025-01-30
OTC Tong Qiao Bi Yan Pian,FDA Advisory No. 2025-0080,2025-01-30
Ofloxacin Eye Drops 10 mL,FDA Advisory No. 2025-0080,2025-01-30
Ribavirin Injection 1mL:0.1g,FDA Advisory No. 2025-0080,2025-01-30
"Eucalyptol, Limonene and Pinene Enteric Soft Capsules 0.3 g",FDA Advisory No. 2025-0081,2025-01-30
OTC Tong Qiao Bi Yan Pian,FDA Advisory No. 2025-0081,2025-01-30
Ofloxacin Eye Drops 10ml,FDA Advisory No. 2025-0081,2025-01-30
Ribavirin Injection 1ml:0.1g,FDA Advisory No. 2025-0081,2025-01-30
CHOKING RESCUE DEVICE HOME CPR FIRST AID KIT AND CHILDREN PORTABLE,FDA Advisory No. 2025-0090,2025-01-30
CROSSPOINT ANEROID SPHYGMOMANOMETER BLOOD PRESSURE MEASURE DEVICE KIT CUFF,FDA Advisory No. 2025-0090,2025-01-30
ELECTRIC ANTI SNORING DEVICE NOSE CLIP SNORE STOPPER SNORING DEVICE BREATH AID CLIP FOR MEN AND WOMEN,FDA Advisory No. 2025-0090,2025-01-30
NURSE ASSISTANCE PORTABLE MEDICAL VASCULAR INFRARED VEIN VIEWER FINDER LOCATOR DEVICE,FDA Advisory No. 2025-0090,2025-01-30
